legacy_solider_runtime	9204	cd164dc11a0cc618ef93e2900d2159e2302a195bd9f9ffbff6eb5c2178153c4c	market1501/base_lgpa_gcn_roa_lr4_maxsim/test_log.txt
legacy_solider_runtime	5933	355d6d6da6094b13f2caf1b8169d56251e08289c8d8e88f870fc99d024c233b5	market1501/4090_full_market_base/train_log.txt
legacy_solider_runtime	178716	42c405bc6a7ea43ec4ffc24c55cc9d6a7714d99bfceed3cdb427cfa7a706a3e8	market1501/swin_small_lr4/train_log.txt
legacy_solider_runtime	7647	a1e8e5228a61d86e8c2f6266bd4beab182043a1f73c6b4a721b58d512c1e6729	market1501/exp030_pds_sg_gcn/test_part_only/test_log.txt
legacy_solider_runtime	7667	29ba5816865b99d7cd5dda556aaf67eb4ea83abd6f9fbebe4bc05ad90253bee3	market1501/exp030_pds_sg_gcn/test_concat_scaled/test_log.txt
legacy_solider_runtime	7662	2f1a2bc3ebafb4cf09ba48e36ac4c36419cea46e9ed7c8d586401db40d6035d8	market1501/exp030_pds_sg_gcn/test_equal_concat/test_log.txt
legacy_solider_runtime	215356	d7d683b3cbb15a87f4a4ae2b3c9a8a96a99f1ca0acc8587ab0adceba34609edd	market1501/exp030_pds_sg_gcn/train_log.txt
legacy_solider_runtime	7632	0d51403481c5a0a78c1d71725ae223e11be4be2ac5f1cc13003fb22145257e31	market1501/exp030_pds_sg_gcn/test_global/test_log.txt
legacy_solider_runtime	250715	7c8fc39a1bc4c3ab92fb32c5d5d04430f5cf9bce5b9d7fff58a7864b82dda13a	market1501/base_lgpa_gcn_lr2/train_log.txt
legacy_solider_runtime	178711	a15a0e42ac046806c8d718fe00dfa088840714f0706a7acbcad9c275a65bfa68	market1501/swin_small_lr8/train_log.txt
legacy_solider_runtime	232227	60fb0981beb6b227c09bfe1aabf11e6509b47109b9e5465ea284db6f92d43925	market1501/swin_tiny_pose-mul-scale0.3-lr8-realsw0.2-nousevis-llw0.7-ep180-nofreeze/train_log.txt
legacy_solider_runtime	232195	7f59ddd4073b7e23cac0527386c62aa92e71c87f7eba3838cf8e09353bdeda6f	market1501/swin_base_pose-mul-scale0.3-lr10-sw1-nousevis-ep180-1131/train_log.txt
legacy_solider_runtime	178826	64f2c7ed4db6aa0b0a5071dcdd8fb2d2c8dd1b7f6a6e7b50cc27be817ef0ebba	market1501/exp007_backbone_psg_lr4/train_log.txt
legacy_solider_runtime	232196	c18387cfed5c69840f7ea69b1768bc4be9d2a1323ec3a37403861dd3659178cc	market1501/swin_base_pose-mul-scale0.3-lr4-sw1-nousevis-ep180-1131/train_log.txt
legacy_solider_runtime	253596	ce37eb92fba4b72f1f40243e2b70b0b1bca6f39f9796ef0853aa294cbde9e3f1	market1501/prcv_best_small/train.log
legacy_solider_runtime	5046	43ed09ab215c80f582c7680209f8283d0e02a7d8d6238f2bc7659fe6dbd8aeb5	market1501/prcv_best_small/xdomain_eval.log
legacy_solider_runtime	250955	b16c1850b402363f393cc5bf751a957a15b9c70058784cb5bd190800e23d08bd	market1501/prcv_best_small/train_log.txt
legacy_solider_runtime	3632	b8ef7bb22589e9ff1ccd970df80376862bc5cab24ed1335634ec0bd89ff5de8e	market1501/swin_small_pose-mul-scale0.3-lr8-realsw1.0-nousevis-llw0.7-ep180/train_log.txt
legacy_solider_runtime	204480	1522218f1e7b02b480e8296f38b059f26c023a593ecb3c363f8bd0e141f88f71	market1501/gilt_pcfc/train_log.txt
legacy_solider_runtime	178827	ccd9cdfa1abd1af89c706bf06cf248bee5fe8b2e84fb78cda433aab5d48deb6a	market1501/exp007_backbone_psg_lr8/train_log.txt
legacy_solider_runtime	179057	46fe94633164961005be967c41b1312c1d69157276532c82098cd86b0a8b9e08	market1501/pose_backbone_psg_base_lr4/train_log.txt
legacy_solider_runtime	232190	e08a1013ee5c1055cf01bc0260d0e62deb6c4c28a6da6d566ed3d48d44590bba	market1501/swin_base_pose-mul-scale0.3-lr6-sw1-nousevis-ep180-1131/train_log.txt
legacy_solider_runtime	88554	f453d9eaffb192530b248760bc8584bec5b9341b4006f5df8ae53c8d68d97df9	market1501/exp328_vcnorm_control/train_log.txt
legacy_solider_runtime	214456	4b47e704d4e3fd012c19650bcadc8a2f1b5c58ae3f2571b8571b642ef923bd38	market1501/4090_full_market_tiny/train_log.txt
legacy_solider_runtime	178944	d606d14a5fd5345fbc53ddb0172e0f7c35e3c90f5e6c608467cec52b6fc5fe4a	market1501/swin_base_baseline_lr4/train_log.txt
legacy_solider_runtime	250674	f2e364850a031f0589be89e0b9f202e4232040b3c0b2f886a51c6b279956d358	market1501/base_lgpa_gcn_lr4/train_log.txt
legacy_solider_runtime	253587	b44dbc1b8e22226b3703f79fbe93d6a0a19f85c51ce3e3c954548aabb633595a	market1501/prcv_best_tiny/train.log
legacy_solider_runtime	5040	d5d3c5744dcc5f92943af2d3b3ecf5ea338e6c9bbba87e3055fa6a7b3632cf14	market1501/prcv_best_tiny/xdomain_eval.log
legacy_solider_runtime	250947	765588bc681b1094cdf1ab8b75a701294e4ba7d44feec33969ac1753ff550213	market1501/prcv_best_tiny/train_log.txt
legacy_solider_runtime	3245	b580e36046681f51ae252944d511ed6ca2515fb7c26d2195e82a21996bdb7f2f	market1501/swin_small_pose-mul-scale0.3-lr8-sw0.4-nousevis-llw0.7-ep180/train_log.txt
legacy_solider_runtime	250813	b5b7e436112aef2d9b8e8f8dcc780cecac0be3ffcf157ac07884dee1663f93b3	market1501/base_lgpa_gcn_noaug_lr4/train_log.txt
legacy_solider_runtime	250819	f2c782f823ecb3f8d5b323b85fa79e5836a89fcf797a14f1b9798d9a4407b13a	market1501/base_lgpa_gcn_roa_lr4/train_log.txt
legacy_solider_runtime	7685	2c8c91d28625a9e18f609ca3c8fac6ffcfde3cb11decf53251bfa18616bd8cf4	market1501/exp030_pds_sg_gcn_base/test_part_only/test_log.txt
legacy_solider_runtime	7705	36825bc26892c229159a38a5a0d548c768eb5f7fd91756f648e49a4344e9eb0e	market1501/exp030_pds_sg_gcn_base/test_concat_scaled/test_log.txt
legacy_solider_runtime	7700	489781fb27aeea1b999fa991a83d585959e99776530a0c70af34119edbcbbad3	market1501/exp030_pds_sg_gcn_base/test_equal_concat/test_log.txt
legacy_solider_runtime	215378	f762a2db986cee3a1c267e20682225891f6cf908600fb5f5b690e2b7ab7ea8ab	market1501/exp030_pds_sg_gcn_base/train_log.txt
legacy_solider_runtime	7670	87dcec56369d3bc06ab8f40122af96089441cffe06ad112a997f1cc9032790cf	market1501/exp030_pds_sg_gcn_base/test_global/test_log.txt
legacy_solider_runtime	232188	13cd4c870222eaf903dfb74ea5f333fc4680868efb80a06f6bb99b0b4f5f370b	market1501/swin_base_pose-mul-scale0.3-lr8-sw1-nousevis-ep180-1130/train_log.txt
legacy_solider_runtime	232014	c7f7a7a3e43b15744cf16ad7097f82700e11d87cb9ee561ac1514afbc6c388eb	market1501/swin_small_pose-mul-scale0.3-lr8-oldsw1-nousevis-llw0.7-ep180/train_log.txt
legacy_solider_runtime	7266	04ec0da334bef377fc382dc85c58afd5ddb1de6e75f8aa319c8134585f1f2f5b	market1501/4090_full_market_small/train_log.txt
legacy_solider_runtime	9369	899f0f8ab9ec162c71147e5f346bdd5ef2cd092ee88003eb38917fa8c56eb7d7	market1501/base_gcn512_2stage_roa_lr4_maxsim/test_log.txt
legacy_solider_runtime	9214	90acfed5db61ee0a821a848efb147708c00e65f10954335e6c2a794963890070	market1501/base_lgpa_gcn_noaug_lr4_maxsim/test_log.txt
legacy_solider_runtime	250887	d82264b0fd9520c951be0891e68ffb0a99f8c7f294f368628e64af882407998f	market1501/exp293_best_b_m_plboa_s42/train_log.txt
legacy_solider_runtime	250909	6cc5f97909787df4694a4add9c29f6bcad3c27fbf80cbed577dac17c76200f4d	market1501/base_gcn512_2stage_roa_lr4/train_log.txt
legacy_solider_runtime	178812	27acdb04651262735a75eebb39155b9fc96fb9f6eda752358901b419594ef5b6	market1501/exp007_backbone_psg/train_log.txt
legacy_solider_runtime	508	abbe912f177fecdfd3fc5b2e3267e05e5da37b73d29757008c3c06210e7c4f69	market1501/chain_master.log
legacy_solider_runtime	7700	585c411402a0793b0c121af0b72b635b7815b776df78aac356e99304ff352b6b	market1501/exp030_pds_sg_gcn_small/test_part_only/test_log.txt
legacy_solider_runtime	7720	56e14dd164f2a2d7e8571889dd37976abda250afa4a65db0a8b5848ee22f1279	market1501/exp030_pds_sg_gcn_small/test_concat_scaled/test_log.txt
legacy_solider_runtime	7715	2d9fc6fc158aa7d135a8fa9c329b2e87dd1351930175dcdf04e3ac6443eebbd7	market1501/exp030_pds_sg_gcn_small/test_equal_concat/test_log.txt
legacy_solider_runtime	215377	aa1e8097bf9a5ddbd12b70394b425eee64cab2b632bb039b11b7c3d472d22bc5	market1501/exp030_pds_sg_gcn_small/train_log.txt
legacy_solider_runtime	7685	76a4e7b4eddefe3d3d2255a2df01c2cb9e0980ab9cd7719d3b070d046376b50e	market1501/exp030_pds_sg_gcn_small/test_global/test_log.txt
legacy_solider_runtime	3548	966c590027cbd558f18b077e977ce74bb30b5e3fca682d344c0583edde823020	market1501/swin_tiny_pose-mul-test-scale1.0/train_log.txt
legacy_solider_runtime	149275	d1432167ed4a747322fbf78366b4ff777237ef38a8a7e013065bb204de67744c	market1501/exp001_baseline/train_log.txt
legacy_solider_runtime	232208	f81863483bd4d3c14e1c49678f43a6943483de3da77a291948b87437e272b5fc	market1501/swin_tiny_pose-mul-scale0.3-lr8-sw1-nousevis-llw0.7-ep180-nofreeze/train_log.txt
legacy_solider_runtime	232028	46d8ef294670109b63d88203663d99718404b6698a9da1e6805cfa6c2fe4584c	market1501/swin_tiny_pose-mul-scale0.3-lr8-sw1-nousevis-llw0.7-ep180-freeze/train_log.txt
legacy_solider_runtime	9152	719460a9cabc212f8e07b1b233229f24486f2b65a5571873b6eab6d65634554d	market1501/base_lgpa_gcn_lr2_maxsim/test_log.txt
legacy_solider_runtime	9124	9d9c9d320fac4178a5264ee8d499433161268d4ff59baf7a40c9b989f4f35e0a	market1501/base_lgpa_gcn_lr4_maxsim/test_log.txt
legacy_solider_runtime	200080	a21737a098f0ec39e9d7672739650cbd0c173942d028b2e415e35c6576f3d116	od_tiny_s0_clean/train_log.txt
legacy_solider_runtime	485199	9419e2f83960320a1dd70b27de77ac81ad08f3748bdeb42c90424b1f6e7e95af	msmt17/swin_small_pose-mul-scale0.2-lr4-sw1-nousevis-llw0.7-ep180/train_log.txt
legacy_solider_runtime	545017	f899ceb1a289c35ff65200b9a8ade8b774105a73da8db4acb6c87950842e6db2	msmt17/swin_base_pose-mul-scale0.3-lr1-sw1-nousevis-ep180-1201/train_log.txt
legacy_solider_runtime	543290	29e966623332a714a9d34afcf759848494aea683add0d061b3d0a926632f3e3c	msmt17/swin_tiny_pose-mul-scale0.3-lr4-sw1-nousevis-ep180-allnofreeze/train_log.txt
legacy_solider_runtime	275213	d6f55cd103511100f7c36805cb1d1c3c0ababc300cbf1310b7f3076c619c9d2d	msmt17/swin_base_pose-mul-scale0.3-lr6-sw1-nousevis-ep180-1201/train_log.txt
legacy_solider_runtime	49750	db2581e2169e4bb286648350475c627b5989997bac382807347d089f3970d01e	msmt17/swin_tiny_pose-mul-scale0.3-lr2-sw1-nousevis-llw0.7-ep180/train_log.txt
legacy_solider_runtime	485199	00bce1da7a65db8ff8fc9b4f6b68635439ae069a7be956df7d550a0366be1c97	msmt17/swin_small_pose-mul-scale0.3-lr4-sw1-nousevis-llw0.7-ep180/train_log.txt
legacy_solider_runtime	4231	1ce80a9383f7a6e5335ff757d783e4bc16487ee29f329a881c44d9625707b6c3	msmt17/swin_small_pose-mul-scale0.3-lr2-sw-1-nousevis-llw0.7-ep180-1125/train_log.txt
legacy_solider_runtime	3615	81ccb04516c267589613a839a1568f0b3b0bc00048151cc9cba0e60748dcad7d	msmt17/swin_small_pose-mul-scale0.3-lr8-sw-1-nousevis-llw0.7-ep180-1125/train_log.txt
legacy_solider_runtime	543215	2ce739a61b95831ee4aef8afcbfce4ac326565f6d782547ca92aabea7991ddfb	msmt17/swin_small_pose-mul-scale0.3-lr2-sw0.6-nousevis-llw0.7-ep180/train_log.txt
legacy_solider_runtime	543154	d5d5d178c8da84cf00c845b71b272cdc828e7e941f50f2fe3ae2bb7f83f36f2d	msmt17/swin_tiny_pose-mul-scale0.3-lr8-sw1-nousevis-llw0.7-ep180/train_log.txt
legacy_solider_runtime	4050	85c28f92adb1395200ca7e547dd58a6f1659abba1b1644c5310c8051ce17ca72	msmt17/swin_tiny_pose-mul-scale0.3-lr4-sw1-nousevis-llw0.7-ep180/train_log.txt
legacy_solider_runtime	4104	e67222ea495172a11dd84fae083e3af2f0694c012b33897fe8caaed5178d9269	msmt17/swin_small_pose-mul-scale0.3-lr2-sw1-nousevis-llw0.7-ep180-1129/train_log.txt
legacy_solider_runtime	253972	c569a1fc511ccb904104dc954842ac999b9c5fb28e6266badb27cb09ec654275	msmt17/swin_small_pose-mul-scale0.35-lr4-sw1-nousevis-llw0.8-ep180/train_log.txt
legacy_solider_runtime	543197	37006d4e5e1c8da0d8ce0ea50ec3da4e67098a3d636de54f91aef728a2d52e52	msmt17/swin_small_pose-mul-scale0.3-lr2-sw1-nousevis-llw0.7-ep180/train_log.txt
legacy_solider_runtime	543220	4c74e365bb26216faedea1f24f3c70982185a76b5099560b11c802434474b40e	msmt17/swin_small_pose-mul-scale0.3-lr2-sw0.45-nousevis-llw0.7-ep180/train_log.txt
legacy_solider_runtime	40606	30edc850162a7beb79dff817f07f4cbf9ad179a3d247682e2ca5ed1f6d636657	msmt17/swin_small_pose-mul-scale0.3-lr2-oldsw-1-nousevis-llw0.7-ep180/train_log.txt
legacy_solider_runtime	545006	183da35e566347971db50e51fa2d48d7360eeaa17fb2be0a1ceaf38d7af8014c	msmt17/swin_base_pose-mul-scale0.3-lr4-sw1-nousevis-ep180-1204/train_log.txt
legacy_solider_runtime	543188	17fe291f1d518aae7a0a6ecf5f5fdb57265010ae1acf6226409ae5da227f3a0d	msmt17/swin_small_pose-mul-scale0.5-lr4-sw1-nousevis-llw0.7-ep180/train_log.txt
legacy_solider_runtime	543378	8c60a60fcff06b1fa20fcad19d20f28f900e1be49cdc203670c0420bcde6c5b8	msmt17/swin_tiny_pose-mul-scale0.3-lr4-sw1-nousevis-llw0.7-ep180-nofreeze/train_log.txt
legacy_solider_runtime	3234	335432c13cdfbeb894a84d55f38074ff049419555bffec21e381bc5a7fc8283a	msmt17/swin_small_pose-mul-scale0.3-lr2-sw0.7-nousevis-llw0.7-ep180/train_log.txt
legacy_solider_runtime	545012	0c3c7013ebef4b54ff94282ffa52999a53a3eec585fec6cc78f8c837ac3c154b	msmt17/swin_base_pose-mul-scale0.3-lr3-sw1-nousevis-ep180-1201/train_log.txt
legacy_solider_runtime	4094	f932027c04824e3b9755e76f2c946f1c324c8b53549c1ba9c4da4d0c645d7ce6	msmt17/swin_base_pose-mul-scale0.3-lr6-sw1-nousevis-ep180-1204/train_log.txt
legacy_solider_runtime	485205	0dfbc2b2e30a0a804eff97f82155781941014aaf81fe0bdd6155c93db1a56ee9	msmt17/swin_small_pose-mul-scale0.3-lr4-sw1-nousevis-llw0.5-ep180/train_log.txt
legacy_solider_runtime	2382	11b93fee759a73fa165475e457ce0b033ab599133abd1aaf1ca004ac8cbe5a43	msmt17/swin_small/train_log.txt
legacy_solider_runtime	485151	21f54aeda43a699468d9648b7189dddb2d996e6a0347864a7b11b5eddf9d28b0	msmt17/swin_small_pose-mul-scale0.2-lr4-sw1-nousevis-ep180/train_log.txt
legacy_solider_runtime	194267	41a8144450028c1a4635d0eb7fed8aa81750813275e461e926cd87a6acce2bfd	msmt17/swin_small_pose-mul-scale0.3-lr4-sw1-nousevis-llw0.5-ep180-temp/train_log.txt
legacy_solider_runtime	485201	dbc0599fbd4865ad6d0d8c19c6d905f9b592f3537aa938be2122dd752556a20e	msmt17/swin_small_pose-mul-scale0.4-lr4-sw1-nousevis-llw0.7-ep180/train_log.txt
legacy_solider_runtime	151197	e416b996af563c005e460132e20a775349631030bcc67557f849de61fc7c07ab	msmt17/swin_small_pose-mul-scale0.3-lr2-sw-1-nousevis-llw0.7-ep180/train_log.txt
legacy_solider_runtime	543221	1fcb4c7c66da9f8ab7e328fbd75f1830d5e7d78f1ee88429fb2a460e24f02aa0	msmt17/swin_small_pose-mul-scale0.3-lr2-sw0.2-nousevis-llw0.7-ep180/train_log.txt
legacy_solider_runtime	3608	072ff01f5e48a1aae8e22ed08a918a8a9dce64fd579ddd0da53ca62d642de566	msmt17/swin_small_pose-mul-scale0.3-lr2-sw1-nousevis-ep180-1129/train_log.txt
legacy_solider_runtime	545017	d0f115166a86c5bc92c08ef0fa77822d8bac1b745f207a688bef843205cf0e56	msmt17/swin_base_pose-mul-scale0.3-lr2-sw1-nousevis-ep180-1130/train_log.txt
legacy_solider_runtime	358232	d9b13aced4161ba4f6193ab33af58a4bf0d181fc02ab4f3f4546c283582acb13	market/pams_full/train_log.txt
legacy_solider_runtime	238338	a9e1047815df0f728b0ceddd89fd89071dd1ca29b25262452263c1991d69366c	occluded_duke/4090_full_occ_base/train_log.txt
legacy_solider_runtime	231030	c5f0f74ee6e654b5af29c8f0dac1157efa81d7774a0484677955ef250950334e	occluded_duke/exp311b_full_s_od_globalScale05_s1234/train_log.txt
legacy_solider_runtime	10791	cb13b6f178bd66ada065459c4516f93aecb5a3d2d5e2bd2dcdbb27b5019cb61b	occluded_duke/exp342b_global/test_log.txt
legacy_solider_runtime	10166	058d3cd7949493dc87af4b16b9541518dc3b7377a21dda3ea99d6d0b1fdeab3c	occluded_duke/sw_poseclip_s0_p2/test_log.txt
legacy_solider_runtime	196621	e62ce78b9829ee9e529e35f52636d689f045e02cc18e72404279af60afc474b0	occluded_duke/pose_backbone_psg_base_lr2/train_log.txt
legacy_solider_runtime	275824	9e3ce5287da03ff5c0130855ca5684cccdb28dacf9973c54627ba2e2373bdef3	occluded_duke/base_lgpa_gcn_lr2/train_log.txt
legacy_solider_runtime	224795	dd9707a8c7e11849e5b763f2b89f686be7da286dab4b703072c15e83162be6be	occluded_duke/gilt_pcfc_small/train_log.txt
legacy_solider_runtime	10420	9617c9729e97379440be010d888233235b24981ba96677b955700c8497606a6c	occluded_duke/exp340_e120_part_only/test_log.txt
legacy_solider_runtime	275969	194b8ba0dad250026144244ae9e036836113fc727e8f273f0c3d992a1f67793f	occluded_duke/exp321b_small_lgpaW025_s1234/train_log.txt
legacy_solider_runtime	276200	a41b47baf131e24a783dfe5ed9a457868611b869c10f0b2b63cade506cdd7751	occluded_duke/exp312_tiny_globalScale2_s42/train_log.txt
legacy_solider_runtime	253172	5fc6b92519a5fcc18ebac542af1ece9634fb237004ebe18145fba01c95ec7b98	occluded_duke/exp301_full_noLGPA_s_od_s42/train_log.txt
legacy_solider_runtime	10520	c653cdd81313de47ee786bef5b46e01c52e6e64f24f32529ba89d665cc5d9ef9	occluded_duke/exp341base_g/test_log.txt
legacy_solider_runtime	10703	c92d04c011045ee1d61df80d07c27b93dd204cbabf5adff1a85586e4f34d6f34	occluded_duke/exp342_global/test_log.txt
legacy_solider_runtime	9968	8014a1b8a0fd6bea2e5bb985ec05654c7d68c2c77f5a49764444c3e57336f7df	occluded_duke/exp337_g120/test_log.txt
legacy_solider_runtime	96227	928ecb8139b13b6c4b369b3078861e9cdef56ae108df410227028db7826fbeba	occluded_duke/exp361_ft_psc/train_log.txt
legacy_solider_runtime	10520	d91d357dddd51730fedd6b661837eec4a321f980b99b633206b09c823393c65e	occluded_duke/exp340c_e120_equal_concat/test_log.txt
legacy_solider_runtime	10508	a60555cd07e203f8d478d41cafb941bd014d391890f21baac41f4ed9be482c5d	occluded_duke/exp340c_e120_part_only/test_log.txt
legacy_solider_runtime	163395	393a2ccef45dbe549e9bcdce7c2fc63894fd68097303cb794fd082fd0962e122	occluded_duke/baseline_small_lr4/train_log.txt
legacy_solider_runtime	10975	2c93ec3d875393c10902b012e425e3da7a8fbd5e22028c1afeaf71b004831ed6	occluded_duke/exp356_equal_concat/test_log.txt
legacy_solider_runtime	10283	fb68991dfb64ceb12beb19f6ab9416b742da14717423eea2083f619e178b2639	occluded_duke/exp349b_equal_concat/test_log.txt
legacy_solider_runtime	200213	8f2b6d15b2b10835d70da9db1c2712a2332b0d8b52a694d65f309cb99abb5c5a	occluded_duke/exp277b_psg3_s_od_s41/train_log.txt
legacy_solider_runtime	10496	8ced06b9153cbb05aea273d46491e1e8f12d786002e471a5c3c2e5953b1cb5fc	occluded_duke/exp340c_e120_global/test_log.txt
legacy_solider_runtime	92198	ad373922c1470717f802d2ddff5116345c1c5c51b45cbb7caafdc2c70996cf6c	occluded_duke/exp341base_noprompt/train_log.txt
legacy_solider_runtime	123580	6b930c105bf1bf7609fa4b92184a56cb223f49005fe3aed2f8c77750aed349ae	occluded_duke/exp342_clip_id_pose/train_log.txt
legacy_solider_runtime	9952	c2d8ecb6e04df267e42000c1eaf25f2782d89e470bf0f6d836ab7b25c034a242	occluded_duke/sw_nopose_s0_g/test_log.txt
legacy_solider_runtime	96230	e4c9c60aee2ffad3bedf79001cc4f59def20686514af54427ca13fd9c861ed40	occluded_duke/exp361_ft_psc_b/train_log.txt
legacy_solider_runtime	10408	70aea744e424cd5e784b212eb30dfd8eb8152272b33f8653eff1762ef1201d6c	occluded_duke/exp340_e120_global/test_log.txt
legacy_solider_runtime	99551	ce47a1ff2857fa3dff2935dbfc39322d5cd7e4ec2d9e7f000e477e53b755023e	occluded_duke/exp345_pose_part_clip/train_log.txt
legacy_solider_runtime	9954	604e3011a1edb5f2e930310dc5a6b244fed16ea6f1959d839e7d7b6023ce1240	occluded_duke/sw_nopose_s0_g2/test_log.txt
legacy_solider_runtime	10951	a1835cef7379d2fa7236e815a17e06c9db56960e6723487ed9be6eba6851669f	occluded_duke/exp356_global/test_log.txt
legacy_solider_runtime	4604	329e0dfea6a69f68aee8c1b27c4737a26dd6c8ebeecbcfc45bbdbb848aede0df	occluded_duke/exp005_temp_0.1/train.log
legacy_solider_runtime	212	492cd3dc4c8472d617fd5511854e80d8e8695b1d1af74dab7a36cb54c05b86ad	occluded_duke/exp005_temp_0.1/meta.txt
legacy_solider_runtime	3142	6b69191284c80fd7ec2b91c999eaf3d43a870fb0ea79556120bb26b807b7a112	occluded_duke/exp005_temp_0.1/train_log.txt
legacy_solider_runtime	4604	82bcb3c1251031b71c2a1a4e5a97b4d2385aa5b9c6c53972b4e75e9207dfd375	occluded_duke/exp005_temp_0.5/train.log
legacy_solider_runtime	212	2669e6c7741cb85709be2466db11dc09bed33a4df8b7adf6a414ff4c6c0443c1	occluded_duke/exp005_temp_0.5/meta.txt
legacy_solider_runtime	3142	e2a2b0589b229363193491b21d5594da0ed3a384c0b95badc2ef8ec14b235ca5	occluded_duke/exp005_temp_0.5/train_log.txt
legacy_solider_runtime	202561	289016547a2fd16b9e5c05f54751e446a95d59f46778b1cb5cbe1b55a196cd33	occluded_duke/psg_pure_s32/train.log
legacy_solider_runtime	200205	2da151cbdb9ae2c526e24413eaf08fd8826ff6edf81722f7e5cdc8f0970d87db	occluded_duke/psg_pure_s32/train_log.txt
legacy_solider_runtime	276050	eac9e2dea44ab1af40df22fb0696a263b821cc9a45506b144784e3499f4a0d12	occluded_duke/exp295_gcn512_2stg_s_od_s1234_repro/train_log.txt
legacy_solider_runtime	4604	116320ff743f4466c55a4be4d12a25f6dcca17b94033c6d32eb1ee05cc65881c	occluded_duke/exp006_nparts_3/train.log
legacy_solider_runtime	208	53e87b1f9c4584c5cdc4ae424435a53c76fb46219817dd49d3695f612b8ee0a7	occluded_duke/exp006_nparts_3/meta.txt
legacy_solider_runtime	3142	8512396528abc6b233a2933995c30ddf167dff10cc0e97a9acdc0d18585ab93c	occluded_duke/exp006_nparts_3/train_log.txt
legacy_solider_runtime	99735	3dda7434e0ed3af99c591802c6f96f72bb552a1712d73b9d69815bcc200f69e3	occluded_duke/exp341_clip_id_prompt/train_log.txt
legacy_solider_runtime	251809	4ce1278df966753be72a5af89459eee8c3b8c93b9aee687be9aecd8e1b977342	occluded_duke/4090_gcn_paa_oa_sd_3view_small/train_log.txt
legacy_solider_runtime	196617	e80096c84025d415dc75365a66fe1bfbabe9e2c3451a34852a909be43baf3f90	occluded_duke/pose_backbone_psg_base_lr4/train_log.txt
legacy_solider_runtime	100129	eb084a727c0c63f1163b61c0415051780a6eccdca7027ece5698900caa937a8f	occluded_duke/exp356_pcmsc/train_log.txt
legacy_solider_runtime	10160	054f6e85f9f53bf998dbc40a8f82f8dd0c6e42eac9bacf185add7de4f617b739	occluded_duke/sw_poseclip_s0_g2/test_log.txt
legacy_solider_runtime	275990	79e197059b4e141b7abdc68172406ff16345373b5db6fd604ac2b7f680115d69	occluded_duke/exp282_gcn256_1stg_s_od_s42/train_log.txt
legacy_solider_runtime	275997	863929c514bcedbd66e826c6c4fef53d6cc1be5d84c1893470cc76ae0abf4997	occluded_duke/exp285b_gcn512_2stg_s_od_s42/train_log.txt
legacy_solider_runtime	115936	b20ba9664294f5f9ae4c24e851b7907e0ef20d7263c2237c3908135891ae3fc0	occluded_duke/sw_poseclip_s1/train_log.txt
legacy_solider_runtime	163402	4f45f60ca570c42548af0e6565393ea236bbdc7058700f31e031bdf3861d44ca	occluded_duke/baseline_small_lr2/train_log.txt
legacy_solider_runtime	196507	b9538276664a80b7d8564ec82d19d78147387739bc971175a987810f98ed8ba2	occluded_duke/swin_base_baseline_lr4/train_log.txt
legacy_solider_runtime	10682	4656ab77d992831c92146cede6584871462d9ac6310c9fe15f79df576af3aaa5	occluded_duke/exp343_g/test_log.txt
legacy_solider_runtime	10815	fa679e842acf4d3367464e57ffe69a5903ab9ae309e2b9246409891f6df6d464	occluded_duke/exp342b_equal_concat/test_log.txt
legacy_solider_runtime	275787	66678963067f9843e5ad5eecd7ab0986160b22892450e47ea14f735acbe38a0f	occluded_duke/base_lgpa_gcn_lr4/train_log.txt
legacy_solider_runtime	200161	62206ee6b61e130bf93bc2158d464fc0da91d03fede6e4dacf0b4b5632630786	occluded_duke/exp275_psg1_s_od_s42/train_log.txt
legacy_solider_runtime	115927	051010aba15e938a1ad7c402d4d295ee4a0f9e64c536adc6ebe7b51abb6890e0	occluded_duke/sw_nopose_s0/train_log.txt
legacy_solider_runtime	196392	e4f7b3fa1e646daa2a3b066bd51fabe47b498580384886e0af96d4d78bec5d74	occluded_duke/exp007_backbone_psg_small/train_log.txt
legacy_solider_runtime	276010	6d6b2458209851f450a4b4fb8ef51482bf5a25cd0fb5975aac406ab55ab5f599	occluded_duke/exp300_base_lr8_s1234/train_log.txt
legacy_solider_runtime	4604	454e7298f9392158d342b5c168e1fd244a66b2e0b4ff8ce1146416726570e275	occluded_duke/exp005_temp_1.0/train.log
legacy_solider_runtime	212	e844c765f207232acd2adcea7789b92c124a5e23df9e96db06ee086c902433a6	occluded_duke/exp005_temp_1.0/meta.txt
legacy_solider_runtime	3142	1d8c325092743ff50c21749fb2d6e6bfb4e6fdd429184003d53f70ac96d6cadb	occluded_duke/exp005_temp_1.0/train_log.txt
legacy_solider_runtime	10727	df980027a00353ae56b1d7ce3564de216396ae67ebcf7164098e6c02a0959332	occluded_duke/exp342_equal_concat/test_log.txt
legacy_solider_runtime	10692	84bcccc2c853fd43638275eae0c2675b04130d03ccfd856844446ae4019197ff	occluded_duke/exp345_g/test_log.txt
legacy_solider_runtime	119586	82f9893a5af6d823e975c3f5be1b3f5c29d4babf09226871a3e7767897f158db	occluded_duke/exp337_swin_lgpa_nopose/train_log.txt
legacy_solider_runtime	15921	dd4a71568ea1e3d23271197d76ff485e3174a3a8b24e77c583eebeb119d66983	occluded_duke/exp347_noparam_deocc/train_log.txt
legacy_solider_runtime	278869	c41b9302f79d5abaa2a74a68ba3091c65dc2d11f20ca0bbdae9d47dd78ce21f4	occluded_duke/prcv_best_tiny_noPSG/train.log
legacy_solider_runtime	276131	7665e9fccb093c818f329740d9c203fbb4399294f58167dd61637b010573ee9b	occluded_duke/prcv_best_tiny_noPSG/train_log.txt
legacy_solider_runtime	9972	e751904954b17939dcef364d0b31b343dad16291e94cbefee783f1db6e01ab36	occluded_duke/sw_nopose_s0_partonly/test_log.txt
legacy_solider_runtime	10259	4a9a5a2a3fe07f54871bb5da741fb4326c1e5b20a85a2827a396cd5280deeb20	occluded_duke/exp349b_global/test_log.txt
legacy_solider_runtime	4607	98ab6bab649ffa1f61c6bcf3ee8c731deaab3d985d5c3e801dc99de5e4096c64	occluded_duke/exp005_temp_0.01/train.log
legacy_solider_runtime	213	cebca78f043320792d163f4a1683133714f420b97558e40d2e3a833717a0703f	occluded_duke/exp005_temp_0.01/meta.txt
legacy_solider_runtime	3145	944c5f32a8fb2527948d8d7ec3adf3d3a6025d4266d6cb5325f20f8b4dfcdd9f	occluded_duke/exp005_temp_0.01/train_log.txt
legacy_solider_runtime	276016	8a14d718576cf95710c12e0675a49b77519ef89d1f322b40a2136c0a2813c277	occluded_duke/exp296_base_lr8_s41/train_log.txt
legacy_solider_runtime	4608	1c41e8e768c12155a11ddc78051ae1a60f64a006564a8e69bb0f41d0ef3a5667	occluded_duke/exp003_no_part_id/train.log
legacy_solider_runtime	217	9c60f6409a65276db777fbab6cc6df0bd60942b921dda54fb7eaaf5439fbe2d0	occluded_duke/exp003_no_part_id/meta.txt
legacy_solider_runtime	3146	15680f18827690589f88f64381f89f5c56385a290494bfa86c1bbe93613bc21a	occluded_duke/exp003_no_part_id/train_log.txt
legacy_solider_runtime	9980	2a82325521290fd7b1defa5babf604d92f4ffd3bea80ed2f2d3fe34d987f006f	occluded_duke/exp337_e120/test_log.txt
legacy_solider_runtime	44380	316cfb6b75db3dd871d3c8cb6a5ebb4ff01a59cb7f296c2776399c0d8a07b0e1	occluded_duke/exp311_full_s_od_globalScale05_s42/train_log.txt
legacy_solider_runtime	7747	3eaa412406a8262fdac7034fa89181182b26f8c6e53b0c355569cb301a6a254b	occluded_duke/exp030_pds_sg_gcn_base/test_part_only/test_log.txt
legacy_solider_runtime	7767	c6f72072db6d71c29405e005673f4ce8d15f151c5e7c2f9fe5c24cc4810aba03	occluded_duke/exp030_pds_sg_gcn_base/test_concat_scaled/test_log.txt
legacy_solider_runtime	7762	db8048ee88ae56f91f35d1a2754ca99bb45929f95ad42720b880904a4438151d	occluded_duke/exp030_pds_sg_gcn_base/test_equal_concat/test_log.txt
legacy_solider_runtime	236688	726a89b9e85e67ed2474c0f51985ea832f44157617c0c2eb383a4f84becd6434	occluded_duke/exp030_pds_sg_gcn_base/train_log.txt
legacy_solider_runtime	7732	b76d6aa9518fcb0df0631e70bc3e2a30ef97fbca2d92cf6fea782a07652df52c	occluded_duke/exp030_pds_sg_gcn_base/test_global/test_log.txt
legacy_solider_runtime	275996	339d56f9f3643ddd5244fce627315bd6178340773bcbfe8baf0d65128bd35d3a	occluded_duke/exp283_gcn256_2stg_s_od_s42/train_log.txt
legacy_solider_runtime	10158	6e996124daead2129f40d45aaeecd5af2d8e5fb82848f33d6bdaa08a0006efda	occluded_duke/sw_poseclip_s0_g/test_log.txt
legacy_solider_runtime	251807	dc04560a46a41a8d6d5e9c0a5c49331cfc181d248fa3b4636ce3420773900380	occluded_duke/4090_gcn_paa_oa_sd_small/train_log.txt
legacy_solider_runtime	276034	0b9c93287938a28bc4bab44c8140fdf48caddd49b8560586cb310b23a967702f	occluded_duke/exp294_lgpaOnly_2stg_b_od_s41/train_log.txt
legacy_solider_runtime	11303	9221e16541598c436d188b2a8119933b65f266929f61e562562bcda71deb4987	occluded_duke/prcv_best_tiny_psg32/train.log
legacy_solider_runtime	9910	d0de08e98bd32bdcbd386fa1d60423ba58c294d0c264b8edd3480d7c9d0eb2ae	occluded_duke/prcv_best_tiny_psg32/train_log.txt
legacy_solider_runtime	4607	1f811cac3d11f024f1a1d41b12c51dbf79cfe92a81fa2e88bda7d47e6a97f9df	occluded_duke/exp005_temp_0.05/train.log
legacy_solider_runtime	213	a48da61770e5271b1c57e0463fc2834bd540356337a76a1727f2493161f4f83c	occluded_duke/exp005_temp_0.05/meta.txt
legacy_solider_runtime	3145	c65f05ecc5fc5aae70b0db4a1a9ce0cfde5147eafeee15a71abbf82176c79858	occluded_duke/exp005_temp_0.05/train_log.txt
legacy_solider_runtime	276027	0d98167d31ff1a0d69d07f7a6ae233178cc22f757ee60e2c83c71fb7763cc048	occluded_duke/exp320_small_lgpaNoDetach_s1234/train_log.txt
legacy_solider_runtime	10432	4248203b71bb12197a66fa11717c82fa2ee80a4f7a3ecaa1371a883ab196fc95	occluded_duke/exp340_e120_equal_concat/test_log.txt
legacy_solider_runtime	99525	ea362e647d8e047bcf0e5652c31c96764db52da6ee1a5df058d124794305d427	occluded_duke/exp343_pose_guided_clip/train_log.txt
legacy_solider_runtime	275870	89729674b55ec8b537021c1258ea5cf9370dea77b84386fd13cbbc39b3353061	occluded_duke/base_gcn512_2stage_lr4/train_log.txt
legacy_solider_runtime	116039	4cc4d1f68e07e9477ee8e03ab117e7e1a163886ff7a4d8e9f7baed8200a92019	occluded_duke/exp340c_fixedbands_randomtext/train_log.txt
legacy_solider_runtime	276036	5a23e2607e0a130c682a504d9887aa2219ea9bf55bd196dbcda8a76945356dc7	occluded_duke/exp263b_best_b_od_s42_full120/train_log.txt
legacy_solider_runtime	4602	aae626941ebdf42114a567c1cce75a1147d3ad48e7afe1fcda0e2169312b4e1f	occluded_duke/exp004_no_push/train.log
legacy_solider_runtime	214	b2e48067e807f0abab8707e390c285245a55b6155aa5695494db269934bc9cd8	occluded_duke/exp004_no_push/meta.txt
legacy_solider_runtime	3140	5f5ce175eb1b73ed0883a51b8c3d9b516cf3c2560e803a5fd46e6a5110eda716	occluded_duke/exp004_no_push/train_log.txt
legacy_solider_runtime	225072	877a88ea6e29b2a135b5c06554c9ebcbfe44a5a01d9bb82bb02353b9cfb18942	occluded_duke/gilt_pcfc_small_lr2/train_log.txt
legacy_solider_runtime	10254	98965b84114a1c9c7f7b28bdc8edfa7f04100344558307c73e27fb677a0ef562	occluded_duke/exp349_equal_concat/test_log.txt
legacy_solider_runtime	196518	3ea983838fb9faeaae5dd80d27cb84b968f8eeeef1cae2d66429dd2e4cd97da7	occluded_duke/swin_base_baseline_lr2/train_log.txt
legacy_solider_runtime	10564	f03cc378a1130a80e234fbd7b35bbc282414d8fe44e286c541dd403ec0570671	occluded_duke/exp341_recheck/test_log.txt
legacy_solider_runtime	5690	ce6bf3491bdb2090194c6f5f0add44fbab594ca87355c9785cd4166b1e51af27	occluded_duke/exp007a_psg_half_loss/test_log.txt
legacy_solider_runtime	10558	6bac5d8b669d67387e99355835bdebd1d22a614b540b4d6fe337468116f5531a	occluded_duke/exp355_equal_concat/test_log.txt
legacy_solider_runtime	275990	d15196b0c5b5ac73dc847cb95525f6782de3a51d71774bebcb5cd0f6bf14f2aa	occluded_duke/exp284_gcn512_1stg_s_od_s42/train_log.txt
legacy_solider_runtime	9335	1d1e0a5b7070c2351a1d47599ec543c6d9b2cf4bd3ab1a9fde72856f26bd4ac1	occluded_duke/base_gcn512_2stage_lr4_maxsim/test_log.txt
legacy_solider_runtime	9952	93cc73f2a2d5eac69e46e073c28295b8e5cb2579449ca4c601256e7224342065	occluded_duke/sw_nopose_s1_g/test_log.txt
legacy_solider_runtime	291133	a49da0f7feeb96e0f1381fb7d8be6206f94bb7aa4593b6a746d618bbeab962e9	occluded_duke/exp349_small_full_clip/train_log.txt
legacy_solider_runtime	115937	f8ba2f67e255279876757b0690d74ae2f5b7498e93f2527ad4099a7bc918661d	occluded_duke/sw_poseclip_s0/train_log.txt
legacy_solider_runtime	5572	ef27c4223a69f959a2c378f3f4e301841085cf5cf02a182ca8ba6c1c3a58c86f	occluded_duke/exp007_backbone_psg/test_log.txt
legacy_solider_runtime	10534	fc72d6433e292f50b555f052f0031a266ca5eeadcea9486ef7e47d0e81930a49	occluded_duke/exp355_global/test_log.txt
legacy_solider_runtime	200175	0ae4c229dddc4973c4f805f6c0baf5ea8a121e905a4d22a19f466ed8cf2ff12e	occluded_duke/exp274_psg0_s_od_s42/train_log.txt
legacy_solider_runtime	163386	59413290a019008902034fa29c0c2d372018267efbeaf3f1b990bab634f2edcd	occluded_duke/baseline_small/train_log.txt
legacy_solider_runtime	9960	a5d66bdbc3005fc4d1bbcb4ee15a421060c0ed58b3c2c5719b3355650d998f88	occluded_duke/sw_nopose_s0_p2/test_log.txt
legacy_solider_runtime	200205	0381d5ce2fe3ca7db0aeef3612064ba55aff509f81b89557857ce2eb71b3ff6e	occluded_duke/exp276_psg2_s_od_s42/train_log.txt
legacy_solider_runtime	275899	308b5bd1dba924759d368b537e4dcba58466253619c9b38f4739d3631ae0f959	occluded_duke/exp291_target_s_od_s42/train_log.txt
legacy_solider_runtime	2996	61f8f3ddb6e47320a9b9a0faa1908a2045e9633f4683abfddabc7e762b9a1673	occluded_duke/exp006_nparts_5/train.log
legacy_solider_runtime	178	d8e426ebfe565f1dd8d900c984306a95aef3d7c1fb11a5c1c9beed7aedbb6faa	occluded_duke/exp006_nparts_5/meta.txt
legacy_solider_runtime	2968	17df7f5707e07c197010e76f04d8a3edb097c8e90079c216aec0b50e592f229b	occluded_duke/exp006_nparts_5/train_log.txt
legacy_solider_runtime	196395	acd493a7ec2cda7d484d433ee91d2d0d908a36c6f3fc08969d285e48e5330a37	occluded_duke/exp007_backbone_psg_small_lr8/train_log.txt
legacy_solider_runtime	7760	7cbaa5c3238515be4e01285550801742c406b2b31b8dcc9bc6b3ee8a4339036c	occluded_duke/exp030_pds_sg_gcn_small/test_part_only/test_log.txt
legacy_solider_runtime	7780	6c0977df9b259bc74132cea41584b99e17f740ed5e7a388d5977009729d1bf0e	occluded_duke/exp030_pds_sg_gcn_small/test_concat_scaled/test_log.txt
legacy_solider_runtime	7775	3776b60bfaf5f3959bce537500fe3e073d63ca44f2a1238f227c0e4ecdd20a59	occluded_duke/exp030_pds_sg_gcn_small/test_equal_concat/test_log.txt
legacy_solider_runtime	236679	4c7f12c05fd2674c1ba29520d13dbcde247ca426554cd1f0604d24e11531cd96	occluded_duke/exp030_pds_sg_gcn_small/train_log.txt
legacy_solider_runtime	7745	5bf2734c00f636bf2ccac84d9039ce57e0a498e4e07297bfb5205c8ec778c69f	occluded_duke/exp030_pds_sg_gcn_small/test_global/test_log.txt
legacy_solider_runtime	291089	055e26abb5fe729d669620aa9ceede9c4531f7e0bae760932eb45a6ef5214c35	occluded_duke/exp349b_small_undetach_clip/train_log.txt
legacy_solider_runtime	263072	05b71f7093461a7a7b22ac391ade6286e06f6e7799642a3b00d2ff91055e6b58	occluded_duke/prcv_best_tiny_noOASD/train.log
legacy_solider_runtime	260334	eecc2a5e71848077675871bd01770c37e742d5918700e2e797b5b1f0f900cfba	occluded_duke/prcv_best_tiny_noOASD/train_log.txt
legacy_solider_runtime	10178	2907f38f7ed62d25cba66f63af7f92b5010da808b9541cb2fbb678064c952be9	occluded_duke/sw_poseclip_s0_partonly/test_log.txt
legacy_solider_runtime	202555	0ddfe419488a138118282f942072065aeded2d056ed15bd075c1612fb7b1a1e7	occluded_duke/psg_pure_s3/train.log
legacy_solider_runtime	200199	8a1d436b58d4e31a1f842e9d2e820013356cb96e2df1786238a772db78e28c79	occluded_duke/psg_pure_s3/train_log.txt
legacy_solider_runtime	224801	1041b5279c04a8b026ad8bf120af099f8d43f262a35ac4414cbb4c30b4cf73a8	occluded_duke/gilt_pcfc_small_lr4/train_log.txt
legacy_solider_runtime	115927	28870e92b3727f47d6bf5db267d7f088c4991614350edd2d57d45539c52d8116	occluded_duke/sw_nopose_s1/train_log.txt
legacy_solider_runtime	5829	cccd28aaca58e3a2d404927335cdfeb2bedc1ca554ccf513fa3ddc4fa3c1dfb7	occluded_duke/exp030a_psg_gcn/test_log.txt
legacy_solider_runtime	156010	00537b6b95502783373f0f36768f0dcad231a1119631bdf3724065f15bd2277a	occluded_duke/exp001_baseline/train.log
legacy_solider_runtime	183	137b8c68aeb03574627ddeb6e09e6a8175553bc7461ca83adbf528d81ba547b4	occluded_duke/exp001_baseline/meta.txt
legacy_solider_runtime	153929	21976969f89e5d506802289f54b9600d7f7d974f2408dcee21df76da68c62cc9	occluded_duke/exp001_baseline/train_log.txt
legacy_solider_runtime	10230	2ae20e878e1c0ff7677d19743dc6ff35d178442c4e3c727cc536270c4a84b8c5	occluded_duke/exp349_global/test_log.txt
legacy_solider_runtime	68796	0b25ceb6c714d1099db80280aae7432fcba97e83610d14a8eb9ddc360759fa3a	occluded_duke/exp002_vpreid_v1/train.log
legacy_solider_runtime	155	65bf7e4dabf8bb542f179c89b19b87497e01394608b16903b573b2ad6653c0b0	occluded_duke/exp002_vpreid_v1/meta.txt
legacy_solider_runtime	67100	bb56331849f3240e1d11718a50595f541f1ac67d7ff50c54db00158041726846	occluded_duke/exp002_vpreid_v1/train_log.txt
legacy_solider_runtime	10158	399706dd35957e2d1358a307e0607d30305ce88fbf2a4a0bd8f54134f0deea9f	occluded_duke/sw_poseclip_s1_g/test_log.txt
legacy_solider_runtime	276141	5ca320a067d57cb9a0273a4e583b200708d5622402e41a7d6b5a766c1cec8624	occluded_duke/exp316_tiny_oasdW2_s42/train_log.txt
legacy_solider_runtime	116003	f4abd61300a995659de98b68622440458088175554425f7c141eee08275f5d8c	occluded_duke/exp340_swin_lgpa_fixedbands/train_log.txt
legacy_solider_runtime	17721	52d6fa6ccf63aa1990e17bc0cd127506112ded0f2dbd03fd2e206f9e15f33769	occluded_duke/exp306_full_noLGPA_b_od_s41/train_log.txt
legacy_solider_runtime	123558	1c782ec74bbcb4562a203034915c5476a33a5749706dc9e2a77a25ddcdfc6d7a	occluded_duke/exp342b_undetach/train_log.txt
legacy_solider_runtime	9198	e6ce38c6478a9a01f0340aef694cc5708c7ad278b821ade8e665df5bf56d7065	occluded_duke/base_lgpa_gcn_lr2_maxsim/test_log.txt
legacy_solider_runtime	253282	69c5f271237986e1a516af13191cc678f5ea06e023061b049dad9a16b7429116	occluded_duke/exp305_full_noLGPA_t_od_s42/train_log.txt
legacy_solider_runtime	9170	196d2f46451cfa15ef76394f0918eb460ade81c4602f58f188a89569338b6276	occluded_duke/base_lgpa_gcn_lr4_maxsim/test_log.txt
legacy_solider_runtime	200206	3a3c9f73c802b4628ffd28de5faa773f1ee644a6a66495c5e2192617a6754ae2	occluded_duke/exp277_psg3_s_od_s42/train_log.txt
legacy_solider_runtime	305738	753f74c830fee91ff3dbbdbae4d941ea458607885a36bcd3211754f4575efa55	occluded_duke/4090_stdpr_supcon_3view_small/train_log.txt
legacy_solider_runtime	238324	4f07d2b1fa17371db42e7be68502feb1b03402f108a621a226b7a8d0cd175ea5	occluded_duke/4090_full_occ_small/train_log.txt
legacy_solider_runtime	100057	d25960950733b45e16566acd2717585ff0273da5f028079df55322a55af44c4e	occluded_duke/exp355_pgpd/train_log.txt
legacy_solider_runtime	177096	684ced0ef87b8695d6d9777aa2c969db76ad316b93f86997b07d1f7e06bcc35c	sptrans_v2/SP2_E2_part_expert_duke/train_log.txt
legacy_solider_runtime	177104	8fb5b03aa046b1177ce939d88ff554479ce76455ddcef0aaef990f21e458eda5	sptrans_v2/SP2_E4_expert_routing_duke/train_log.txt
legacy_solider_runtime	177075	4605ede1aaa6f6942b1fa6c4abb1de31d44179a17a99dd00cbd498d5a89226ca	sptrans_v2/SP2_E7_full_split_duke/train_log.txt
legacy_solider_runtime	177090	5bf1ec45ef89808f0952d084a845e07c743ed6eb638b149fafcac26958502831	sptrans_v2/SP2_E5_full_unified_duke/train_log.txt
legacy_solider_runtime	177109	ed82162f9c94401c5878bb878a1292a63839187767b43c2e67cdefb11d9225d5	sptrans_v2/SP2_E6_full_part_expert_duke/train_log.txt
legacy_solider_runtime	177068	725489211736917f598450ea7594b02ebcfd5b05c1b0db9609f8619f7a4a9ba8	sptrans_v2/SP2_E3_mid_routing_duke/train_log.txt
legacy_solider_runtime	177054	cf46aed5610f636a1ef4edcec49ee443b8f1b2a5ee449443fbdee6062463277f	sptrans_v2/SP2_E0_baseline_duke/train_log.txt
legacy_solider_runtime	177065	ca1ce20cb799bfa8ce9f7e76e55e052b7a7c81c765bd2a8a00367a98073dea6f	sptrans_v2/SP2_E1_adaptive_sem_duke/train_log.txt
legacy_solider_runtime	200080	6717c46a2dfc4262b274b24531ed22e6a794bd584ad98b14bd215b1d1f2d8902	od_tiny_s2_clean/train_log.txt
legacy_solider_runtime	168472	64d5816576cbdcb224ee67f61d0cba97459a9864930c0272f01fc7b20fe30665	pgtdrop/PGT_s1_k70_rd15_duke/train_log.txt
legacy_solider_runtime	168465	d10d253c7b02c256682c131970b9290fa9187e61c795babc9d2ec4531a8d0137	pgtdrop/PGT_base_duke/train_log.txt
legacy_solider_runtime	168456	72dcf11cc7e8914570a4cec4918a6afa569225729ae2b8166f2ba5d147adc23e	pgtdrop/PGT_s0_k70_duke/train_log.txt
legacy_solider_runtime	168456	28e4f6c0471e5d86507ddb9c442acaf0e34aa59642b67646c7fe813a444ece5c	pgtdrop/PGT_s1_k70_duke/train_log.txt
legacy_solider_runtime	168456	7db3c6aeddcdd5c6759b5e9a593571d226b140b69881cd94e16c7bafd32ead43	pgtdrop/PGT_s1_k50_duke/train_log.txt
legacy_solider_runtime	200080	9920d71842d834ae80a3b9cfcfc15173f0b7ec910ca8dba97e447d1beb2f1ae7	od_tiny_s1_clean/train_log.txt
legacy_solider_runtime	7131	200d18c80e279b1689bd31aff5948b5ee088d76116a07633aef3f313a345426b	multiseed/exp007_psg_seed42/test_default.txt
legacy_solider_runtime	6983	9794757c8009f540950dd665fa7c9560f84315b920761fcfaeb126bb8c2631ca	multiseed/exp007_psg_seed42/test_default/test_log.txt
legacy_solider_runtime	199252	091eb57cd0aea9c4b080bd0ba6699a814c771150fa58356d0de91a18d8c1cf14	multiseed/exp007_psg_seed42/train_log.txt
legacy_solider_runtime	7391	34913f14822489674b8950d90c42e49085229dbc0ac21080cbb2db8a8916ebbc	multiseed/exp023_pds_stopgrad_seed42/test_part_only/test_log.txt
legacy_solider_runtime	7411	96fb1b41896185ea0fda7cd39dcc0cd9aa1924031edac0060942ae141efc5ff3	multiseed/exp023_pds_stopgrad_seed42/test_concat_scaled/test_log.txt
legacy_solider_runtime	7406	4675207211918b58cc5792fc9a1c50b66cb6661a7c21995e1bda81b2ef26300c	multiseed/exp023_pds_stopgrad_seed42/test_equal_concat/test_log.txt
legacy_solider_runtime	236429	4afc0b84362dd6c2c4cd85ad22efb4c930be2661c05d615ba621af04f63b1eb5	multiseed/exp023_pds_stopgrad_seed42/train_log.txt
legacy_solider_runtime	7376	6ea12f1e4710f7b80d244975dcc6fbc22d04abcb4ed53aad374eb3c17a2d295d	multiseed/exp023_pds_stopgrad_seed42/test_global/test_log.txt
legacy_solider_runtime	7405	e6fc9bd996aef3437e1696c06963af13de219e14768b13748737e393546edaf2	multiseed/exp023_pds_stopgrad_seed1234/test_part_only/test_log.txt
legacy_solider_runtime	7425	5d09244bb7e4a7a3070b7cb3fb9a10a6ce94430ede0a8c60c2a9b0776e75e4a0	multiseed/exp023_pds_stopgrad_seed1234/test_concat_scaled/test_log.txt
legacy_solider_runtime	7420	b221a88c2affd2031f97ae682a3ebe1241512b0c50a5bb37b472909ca1709620	multiseed/exp023_pds_stopgrad_seed1234/test_equal_concat/test_log.txt
legacy_solider_runtime	236437	1fcbca5a258f29010a70d547ae72c9f74f32eab39367fa0dd7f9e3b152d57073	multiseed/exp023_pds_stopgrad_seed1234/train_log.txt
legacy_solider_runtime	7390	7ae6320499ef0470caeee9cce856ffca8c03aa00a3837337b4a34aafb39408d4	multiseed/exp023_pds_stopgrad_seed1234/test_global/test_log.txt
legacy_solider_runtime	7255	8c798804aa5d86011f273702dc9101c1239ccc6e66b8863418894f5c3c6502db	multiseed/exp007a_psg_half_seed42/test_default.txt
legacy_solider_runtime	199249	c8f8cc8378b3fa8b1460ac18f782f68f1e2d5d52b062d6d30f4a7c7425906490	multiseed/exp007a_psg_half_seed42/train_log.txt
legacy_solider_runtime	6526	2f66a82524c0f35f26fed029d74b016002285bb122ed521fb8a8a722fe05e7b4	multiseed/exp000_baseline_seed42/test_default/test_log.txt
legacy_solider_runtime	198668	55af488d36501832327bfb9d4dddda32ae7af370ce53e65fd712c497a748eb60	multiseed/exp000_baseline_seed42/train_log.txt
legacy_solider_runtime	7265	522322773f7ccf990784209c0674539408451cea75fb03479bdfd44be72e5d31	multiseed/exp007a_psg_half_seed1234/test_default.txt
legacy_solider_runtime	199255	a7d9f26c33af458a57f2e9f95772da045ee49a828566c348012173e51d5c4f04	multiseed/exp007a_psg_half_seed1234/train_log.txt
legacy_solider_runtime	7483	c34a480cde6579b47b91818b689cb43d83b87da9c8c0dce59970ffd6fc3518eb	multiseed/exp030a_psg_gcn_seed42/test_equal_concat.txt
legacy_solider_runtime	7465	7f4be6ddccd5eea4117deed8c0871bbb56a0ab1ce588c87f4acbc3b6cdf09714	multiseed/exp030a_psg_gcn_seed42/test_global.txt
legacy_solider_runtime	7471	452f75d23ec21e912a488bee1869e31f61409802d4c9c4492e3384c436e75217	multiseed/exp030a_psg_gcn_seed42/test_gcn_only.txt
legacy_solider_runtime	236556	be26702db51d37ff9ed4624b83142d07fba787e9c4cb6128e2c3b593f62008b0	multiseed/exp030a_psg_gcn_seed42/train_log.txt
legacy_solider_runtime	7486	b413b2b6cfee19c7e1ff033f229361c73e42390f7409b574422544744168e60c	multiseed/exp030a_psg_gcn_seed42/test_concat_scaled.txt
legacy_solider_runtime	6540	00fe71c4b1039f818b44527d2eb8af96eb1aa704eba04394264acc157654e421	multiseed/exp000_baseline_seed1234/test_default/test_log.txt
legacy_solider_runtime	198674	5d927f7774dde9610ee2df08d1313a603f61bbc3af28c50cdbc73644de852bc4	multiseed/exp000_baseline_seed1234/train_log.txt
legacy_solider_runtime	7493	dfd20adb025e90fdb8e7c9d89313bf5b30e2d8cb348fe9288506b30646d9c84e	multiseed/exp030a_psg_gcn_seed1234/test_equal_concat.txt
legacy_solider_runtime	7475	c4f27198c99bbb72ad0398ddeef1a8552b29391b707d8648013f520f0251484e	multiseed/exp030a_psg_gcn_seed1234/test_global.txt
legacy_solider_runtime	7481	a769d6b8536453fa5f1ddf09af41f6f41550e023286290b0b66682fab091d5bf	multiseed/exp030a_psg_gcn_seed1234/test_gcn_only.txt
legacy_solider_runtime	236562	e1c8c24fcf9e10f5fa61836da0df7de851ea7e23e9171405a6a85e8a59ddad36	multiseed/exp030a_psg_gcn_seed1234/train_log.txt
legacy_solider_runtime	7496	dc1bd1722ed722f141eb6433b1800df79b297d6aedd585698a62430f818f057c	multiseed/exp030a_psg_gcn_seed1234/test_concat_scaled.txt
legacy_solider_runtime	6540	099c69ba459ecb6e3a307b7b1668378ca22f418a65a6b872d2a215108b59609d	multiseed/exp000_baseline_seed2024/test_default/test_log.txt
legacy_solider_runtime	198673	3cade3694676d6eb503101da68cbdceb2a22ed1d3e8e521c1e2e593342e733f7	multiseed/exp000_baseline_seed2024/train_log.txt
legacy_solider_runtime	7141	ede3c4c3bca332e6c5c2c53edb375aeb1d50cdb033ef67295dca5b340317eb3c	multiseed/exp007_psg_seed2024/test_default.txt
legacy_solider_runtime	6997	57362690072021d75206e3be247b606eb534436f3b065524de0c772936744255	multiseed/exp007_psg_seed2024/test_default/test_log.txt
legacy_solider_runtime	199259	7c6000152f57508a788bdf6bc77c089c3cc68392b2622c2621608a145b61e392	multiseed/exp007_psg_seed2024/train_log.txt
legacy_solider_runtime	7405	c23e9183d27486236229d14f1745c680fcba45d2165f485d83cfdaf998108f41	multiseed/exp023_pds_stopgrad_seed2024/test_part_only/test_log.txt
legacy_solider_runtime	7425	1fcb17d993259ee6b7924b5adf7752cc0b69d2ad34e293826881a3c27ca1dac9	multiseed/exp023_pds_stopgrad_seed2024/test_concat_scaled/test_log.txt
legacy_solider_runtime	7420	93c3ae4e8e34e73b84a1ccc116c1bcab899a07cc2d9d9a8677c53b6990029c97	multiseed/exp023_pds_stopgrad_seed2024/test_equal_concat/test_log.txt
legacy_solider_runtime	236435	e8de11ca35c0ab7f4341d83b16c5e51ad33262255bc4043ef388e05c2c38b51c	multiseed/exp023_pds_stopgrad_seed2024/train_log.txt
legacy_solider_runtime	7390	c611762b421d136eef8ed782d4c7ba95c99200ac33dadd6ff2b040bb1a4ae902	multiseed/exp023_pds_stopgrad_seed2024/test_global/test_log.txt
legacy_solider_runtime	7493	9cece3d61803effd44b3b84412bbc1b68c992b070aa0466e5a837ad27a0c46e0	multiseed/exp030a_psg_gcn_seed2024/test_equal_concat.txt
legacy_solider_runtime	7475	793571a922802e5d30f0a7a7a32d792e5859faa834f87fb5469379b6d85d2c40	multiseed/exp030a_psg_gcn_seed2024/test_global.txt
legacy_solider_runtime	7481	728673e424e8ca72bf535886e2ecc08bab20f6a3f5611c9302bd309c7efa540a	multiseed/exp030a_psg_gcn_seed2024/test_gcn_only.txt
legacy_solider_runtime	236562	77949a1d7c1fb85fbfa87ebff2d24eb9ab79d6a96a02a657d2a0c84fa1b0543c	multiseed/exp030a_psg_gcn_seed2024/train_log.txt
legacy_solider_runtime	7496	d71fb6bd3b6b790ef29ff62c525b8c6a3f05bf57370fb6e3be7b4b0ce7572fb6	multiseed/exp030a_psg_gcn_seed2024/test_concat_scaled.txt
legacy_solider_runtime	7265	c45ae2b55ca899320d58662b738dd610d42443fc60cf4efea4b0b2338c28cee3	multiseed/exp007a_psg_half_seed2024/test_default.txt
legacy_solider_runtime	199255	39f007822c57ca21d36aa033f65934b74505bd3e439bd1f30cee6598dcbf7a21	multiseed/exp007a_psg_half_seed2024/train_log.txt
legacy_solider_runtime	7141	d8d724d10e5de8ad536dfb49bc74a250bafa9df96dfa780664efa98e5595d41d	multiseed/exp007_psg_seed1234/test_default.txt
legacy_solider_runtime	6997	2c42dd62c48119cacbb7979944762a51d3f0d85d117e6fc8a3f50359c386a4ac	multiseed/exp007_psg_seed1234/test_default/test_log.txt
legacy_solider_runtime	199260	f29a870b3d8edfadba64bc57abccfacd6ae351ee5a68c084b5604313da22472b	multiseed/exp007_psg_seed1234/train_log.txt
root_train_logs	291	351c580eaf8e92e7c1effb65a0bfba7f8429325e1c08012456ac9cec7a5185c0	exp403_generic_evidence.runner.log
root_train_logs	738912	581f4ff5f069de139acaa0cae6129d54c0e3f055462469b5dbc69c65fa315900	exp401_rich_budget_c0_s1234.runner.log
root_train_logs	15233	95b3ccb17ed00970c5f7a33f4d06b8ec9f23cf84692577b56544f2095498051d	exp392_semantic_c0_preflight_84f1b0e.runner.log
root_train_logs	1209	dcb65d23fbbfb54780b1fd522439348864e2389fb4e319919f62b8fc2fb05b7a	exp389_frozen_level_ablation.json
root_train_logs	5043	e01253fb39a4b8048bfb9197b518a17036b078a7595ebd742185af8d0005bc92	exp401_final_route_audit.runner.log
root_train_logs	1400	cdffff60b1b6e04e6bb0b13bb54e12518380421675c59c2f2c785f1b7a5adb75	exp395_amp_attribution.runner.json
root_train_logs	1355	a21b1c2e3f06b687c0940f10180d72ca9a4f39b9b2c8b097340160fe669faaad	exp403_generic_evidence_v3.runner.log
root_train_logs	374711	edf955d9b128a5b75ecaeda3c33dfc7c5537110b9acc2a44aeca45b1fcb3fb58	exp391_clean_h2m_s1234.runner.log
root_train_logs	15216	73f7bd4251e5fdda82a9ffde5b810f2bc4443ff0ccf55e27746f41808925a64b	exp392_semantic_c0_preflight_ed57834.runner.log
root_train_logs	15227	6ee268f4ac7da27c94545c992dc57b4264779b8d81fa3568e3501b128229b011	exp392_semantic_c0_preflight_c15a37e.runner.log
root_train_logs	234294	49921ba7ceb3cb4a626d589df344456acb60371bd4e960c27a89dd85d7e4c20e	exp390_clean_d0_s2025.runner.log
root_train_logs	1297360	c0ca2089e41f0c9de42fbeda83ce2c09173ab7221d20de6869586e5aaefc14f8	exp403_elo_cur_s1234.runner.log
root_train_logs	212972	d77433de2f9658916eba7be3219d63665f22557df0aa648348f5b72317e413d5	exp388_clean_market_d0_s1234.runner.log
root_train_logs	587121	9f09b53894781357c28ed0d6c88803998f3b4780c3992d674dbd030d8e6839d5	exp393_rz_c0_s1234.runner.log
root_train_logs	8	cbab14daa36a229a3d277fabee91fefdebad7d61d154654729e99a3451a422ad	exp387_clean_d0_s1234.pid
root_train_logs	799	990db415ed468e275568d390485f5883041b5aa139f2ced052cdabf8599f44c1	exp403_generic_evidence_v2.runner.log
root_train_logs	587104	57e9eecae14bf741aa8ab2e29439458687f235f87bfc9bc8804e30552c1ba9ef	exp392_semantic_c0_s1234.runner.log
root_train_logs	1138	79e467b2d231366a4c6f60699fb41c38a13b0f66e11876f6d6c51d4c89ecddda	exp392_semantic_c0_preflight_e41b102.runner.log
root_train_logs	5347	38af84c07a001fcc05423f8d954c46add5ee554bb2b6ac592df7efcb3be92598	exp403_cuda_amp_preflight.runner.log
root_train_logs	1120	15debd7c5ae33c688b5879f9541f0e265b22a4658bc9839f95681d9c7b718978	exp392_semantic_c0_preflight_65fc537.runner.log
root_train_logs	374683	19e5dd625a33c56114491e10173bfe7ef5ad7941f8dbd887abe265f71c6c96b0	exp389_clean_ht0_s1234.runner.log
root_train_logs	152590	44612bc74f88f926db65040222fdfa75afdfc523429a38b020134d50dcc98023	exp390_clean_b0_s4321_valid.runner.log
root_train_logs	469930	58ae4beb56c9dabbff7fd77202d87b53f3ccecc9edec725051f04ed3c60ed96c	exp396_amp_attribution.runner.json
root_train_logs	234255	9ed4523a85e6cf72d04fa3a8b868abf55053b2894e346749959174c66c6772c3	exp387_clean_d0_s1234.runner.log
root_train_logs	234294	c9324c20e50132dfb83d213cbbcd6a8f2b421b86edb4c964d329c2bba0702ccc	exp390_clean_d0_s4321.runner.log
root_train_logs	152567	42e983abe8759625b55f2ad6feda056cb6be4e6ed20ffc8a39452abb4a31c8a2	exp390_clean_b0_s2025.runner.log
root_train_logs	1508	a426c315977406cc15153ccaadb2a36f59aeacb7cc14912ffca22a3c45d8b32f	exp390_clean_d0_s4321.final_audit.json
pose_logs	1441	19512f3d33db99fb76bcdf8320831337aa000fd6b70d6b381d5618700b4ac91e	exp387_full_semantics.runner.log
pose_logs	8	0b77ce76c027310484be529c93727d3c250b0732e17288f8e42f881ee502af2e	exp386_vitpose_huge_train.pid
pose_logs	3468	1a7d14047c8f83c8ba38271b6e78d44bf470a9ff1657248a1042dc788f088954	exp387_full_semantics.json
pose_logs	32421	d10876a2f595e1691717e71d8360aae11e495d45b43fe5339592e6577f2e36a7	exp387_real_batch64_cuda_amp.json
pose_logs	8200	ae9e864bd3b5a0d18d79237c63191a0220abd7e5518d555f43c7da4405866195	exp388_market_vitpose_huge_train.runner.log
pose_logs	9854	669a92e858dde55a8ae8d1f2bed5270e1ed055037faae556561d7624046ff472	exp386_vitpose_huge_train.runner.log
pose_logs	1265	3b2801bfd98c7cf10f8b5b5eeb5877608b6a88c326782f65aed7f71fc67f61a2	exp387_real_batch64_cuda_amp.runner.log
pose_logs	3495	753b4f3f761e7b07bcbb487412292e334ff766021493e990980744146ffe368a	exp387_matched_efficiency.json
pose_logs	5507	bee5f8674f31a0d2b5b6549ba5a843546c3998c86c87373c352354de794fcb82	exp387_matched_efficiency.runner.log
pose_logs	1279	02fc2f87b496abeeeea64d083711b8644548cd3d441942bfb30cbe6785fae96f	exp387_official_swin_audit.runner.log
pose_logs	1247	684f70fe5e3d3e31ef170e85dfe94a4f1ed0d013ed99123d4340b477c6b32d71	exp387_official_swin_audit.json
reid_clean/audits	455734	fb87da370ea945d526f499bef78093a6b07203d87c6d84efe06b5eb6594f954a	exp400_final_production_preflight/exp400_phase0e_full_codebook.json
reid_clean/audits	1099	3d38c99c7f06502d8b40467d2674c966723e5c913d2edf962c5a7088ec60cddb	exp400_final_production_preflight/exp400_runtime.freeze.txt
reid_clean/audits	840279	e91ffd6c4732387b90fe4f49dc31b41eb1c35ca831ac65c30975048979d4e620	exp400_final_production_preflight/exp400_cuda_final.stdout.log
reid_clean/audits	839408	3935eb6df97ae832770316eff27cbfc757e4d2bd305b789d0b9b97835659a02f	exp400_final_production_preflight/exp400_cuda_final.result.json
reid_clean/audits	839408	3935eb6df97ae832770316eff27cbfc757e4d2bd305b789d0b9b97835659a02f	exp400_final_production_preflight/exp400_cuda_final.runner.json
reid_clean/audits	353107	b719b3acdec3746dae8f602fc526564a08047ae5ad1a9e2c3a3865a973c2b12e	exp400_final_production_preflight/exp400_cuda_final.manifest.json
reid_clean/audits	4721	8cfbd0bed57922d2c87574436520b2c07e0b7ed8f6412b4ba44b80e34c8d76dc	exp390/b0_s4321_selfcontained_e1_smoke/train_log.txt
reid_clean/audits	4304	124c58de1142752f1e6f46973bba50bb6c6d70efadf030a688c23e89ae2e2fa8	exp390/d0exact_0d1822a_s4321.json
reid_clean/audits	4304	124c58de1142752f1e6f46973bba50bb6c6d70efadf030a688c23e89ae2e2fa8	exp390/d0exact_de604a6_s4321.json
reid_clean/audits	32316	b9ff561d9f447f0c36e6a2bc71cca32b4d0a8a3840bf93fc5dccbe29cbca20d6	exp390/d0_real_batch64_s4321_trace_allow_nonfinite.json
reid_clean/audits	41465	44033069cd094961f5c3082864d66b47d5130dc317808a7bf09152a15f5c3467	exp390/b0off_de604a6_s4321.json
reid_clean/audits	41465	44033069cd094961f5c3082864d66b47d5130dc317808a7bf09152a15f5c3467	exp390/b0off_d4fa_s4321.json
reid_clean/audits	32432	b1f04dbec9a6da66ebb3ef681436c68d4db66bac43a6bfb730ade6e1f0ea39db	exp390/d0_real_batch64_formal_schedule_s4321.json
reid_clean/audits	41465	44033069cd094961f5c3082864d66b47d5130dc317808a7bf09152a15f5c3467	exp390/b0off_d4fa_s4321_selfcontained.json
reid_clean/audits	4318	9a924954cd22d3398c6f219fa006f835b27d6aecbec990e4ff5b0b6190bcf666	exp390/b0_s4321_e1_smoke/train_log.txt
reid_clean/audits	3472	2577d337a98e13e16acb2bb452bab035179edcb6db2ee19c36960daf446dedf9	exp390/d0_semantics_s4321.json
reid_clean/audits	1508	81530054611243c6954a29ea693a9119a14148a4105ee9aec713b0d8d054ac94	exp390/d0_s2025_final_audit.json
reid_clean/audits	41465	44033069cd094961f5c3082864d66b47d5130dc317808a7bf09152a15f5c3467	exp390/b0off_6fc558f_s4321_selfcontained.json
reid_clean/audits	1950	b0cf31ad8206d5e0e6e8921f793d788fa7e79dd10fa524de0070b5920c985530	exp408-picrd-diagnostic-v1/result.json
reid_clean/audits	1099	3d38c99c7f06502d8b40467d2674c966723e5c913d2edf962c5a7088ec60cddb	exp398_baseline_relative_amp_stability/exp398_runtime.freeze.txt
reid_clean/audits	353107	b719b3acdec3746dae8f602fc526564a08047ae5ad1a9e2c3a3865a973c2b12e	exp398_baseline_relative_amp_stability/exp398_cuda_baseline_relative.manifest.json
reid_clean/audits	1708	71a943e6a233999549f69c1ece2ce1c2c3e507c69d9e99364272442d9b6ac998	exp398_baseline_relative_amp_stability/exp398_cuda_baseline_relative.runner.json
reid_clean/audits	2416	745ca9f364324f091100eab01d76ccff8d1f44fa276fe554dbee079ef92ba43a	exp398_baseline_relative_amp_stability/exp398_cuda_baseline_relative.stdout.log
reid_clean/audits	1708	71a943e6a233999549f69c1ece2ce1c2c3e507c69d9e99364272442d9b6ac998	exp398_baseline_relative_amp_stability/exp398_cuda_baseline_relative.result.json
reid_clean/audits	455734	fb87da370ea945d526f499bef78093a6b07203d87c6d84efe06b5eb6594f954a	exp398_baseline_relative_amp_stability/exp398_phase0e_full_codebook.json
reid_clean/audits	1091	936d8777952564fdf1da8699f1612973a922634822bc58ada691c4d9fa0cbc7d	exp407-p0b-preflight-v1/started.json
reid_clean/audits	1133	68ef5f8f8429c6f98c21509b98146ae40c4a075d1c858e6812dad1d3b998cffb	exp407-p0b-preflight-v1/complete.json
reid_clean/audits	68855	9ec2f9042a891ed6e0414bdad50760c543ffd2b625cbc63d0161faae478c39c0	exp407-p0b-preflight-v1/result.json
reid_clean/audits	327434	eef02328fb4026459fa28a7095d8d5c7b5703834e25ba950a78d9a3f1978faa2	exp397_native_gradscaler_parity/exp397_cuda_native_gradscaler.result.json
reid_clean/audits	1099	3d38c99c7f06502d8b40467d2674c966723e5c913d2edf962c5a7088ec60cddb	exp397_native_gradscaler_parity/exp397_runtime.freeze.txt
reid_clean/audits	327434	eef02328fb4026459fa28a7095d8d5c7b5703834e25ba950a78d9a3f1978faa2	exp397_native_gradscaler_parity/exp397_cuda_native_gradscaler.runner.json
reid_clean/audits	328142	e23e8ea0a23c7217cefc3f526dba7829f1b563ab62dcc23596aac6118404746e	exp397_native_gradscaler_parity/exp397_cuda_native_gradscaler.stdout.log
reid_clean/audits	132450	a9c2acd912f57a7020e129c59c4b24b615d1e4065f0bf482f71ad631eb7b3c51	exp397_native_gradscaler_parity/exp397_cuda_native_gradscaler.manifest.json
reid_clean/audits	455734	fb87da370ea945d526f499bef78093a6b07203d87c6d84efe06b5eb6594f954a	exp397_native_gradscaler_parity/exp397_phase0e_full_codebook.json
reid_clean/audits	3631	07eeb98692e6d8f54f7bc25dee3fc21803434f4d83ee8e9d33a01a44101123ce	exp405-p0b-static-v10-mmpose.json
reid_clean/audits	32288	6cbe7367848cf289b80793d897f27b4e37ad7dae8432c5734e01c595a7a9c08c	exp393_phase_a/rz_c0_preflight_rngneutral_result.json
reid_clean/audits	33377	67bb82541160227e608c5893e3bf71384dd78944673cd2bbb7c531e8bbfb2462	exp393_phase_a/rz_c0_preflight_rngneutral.runner.log
reid_clean/audits	33477	fc26b995ca7e0ad84246ba51046b901b7adfe2e3b6e09cb22a9e2c95b050e9fd	exp393_phase_a/rz_c0_preflight_runtime2.runner.log
reid_clean/audits	953	b7328da831e3b6e1b2333bcc2747aba7a4d708174d4f8496bf393bfd14f2d85b	exp393_phase_a/rz_c0_preflight.runner.log
reid_clean/audits	32388	fc5f2a68dead40c3c1dce4e380ed5977c0956480075926b608c6e3e229c69984	exp393_phase_a/rz_c0_preflight_result.json
reid_clean/audits	42900	e1a8ab0f3ab93939c9f7acbd05cf634cff47998c36f85719cea38545828b6511	exp392_phase0a/phase0a_results.json
reid_clean/audits	22422	b54389b729e4e2c57ad34cc298a0ae54caa01d8a7e4329483444fdf4c0dfe8c7	exp392_phase0a/route_smoke.json
reid_clean/audits	3716	cd397826b020c3e7b59127dc014a6519c1b7957a63113e9204ae8f6235cd235a	exp392_phase0a/phase0a.runner.log
reid_clean/audits	207935	17dfed2db93997f576120d680a671eafd2e73a88b8223affce13fc2b41d1b501	exp392_phase0a/donor_map.json
reid_clean/audits	900	011bf7f0556453d33733a097852db7a4c6bd23040d37c4e9c972cb46b83186f7	exp405-p0b-preflight-v1.console.log
reid_clean/audits	4581	58f478c2440d701790723776e18f56e4a0738fe6091f3def55076341b0186ae0	exp406-p0b-preflight-v1.console.log
reid_clean/audits	836335	d5255fced4553c6d4669ce11a1644e1495340a590ee76e54f22139f547cb9cca	exp399_named_parameter_state_contract/exp399_cuda_named_state.result.json
reid_clean/audits	455734	fb87da370ea945d526f499bef78093a6b07203d87c6d84efe06b5eb6594f954a	exp399_named_parameter_state_contract/exp399_phase0e_full_codebook.json
reid_clean/audits	1099	3d38c99c7f06502d8b40467d2674c966723e5c913d2edf962c5a7088ec60cddb	exp399_named_parameter_state_contract/exp399_runtime.freeze.txt
reid_clean/audits	353107	b719b3acdec3746dae8f602fc526564a08047ae5ad1a9e2c3a3865a973c2b12e	exp399_named_parameter_state_contract/exp399_cuda_named_state.manifest.json
reid_clean/audits	837037	8a0f6e13433382f61bf0f1f510a636b3ae9f2f0c9bbe26d67698e1b26644e6c8	exp399_named_parameter_state_contract/exp399_cuda_named_state.stdout.log
reid_clean/audits	836335	d5255fced4553c6d4669ce11a1644e1495340a590ee76e54f22139f547cb9cca	exp399_named_parameter_state_contract/exp399_cuda_named_state.runner.json
reid_clean/audits	4123	69d07cc27d8828ff220c92a69d01718ef7c0d0ea30f26418743f60a336c105cf	exp407-p0b-iso-teacher-v1.console.log
reid_clean/audits	3631	07eeb98692e6d8f54f7bc25dee3fc21803434f4d83ee8e9d33a01a44101123ce	exp405-p0b-static-v10-mmpose-repeat.json
reid_clean/audits	4502	9ea11112dc98fc7f0ab283fee36be2c2506dff2a2f25f9538a851b7a69e4175a	exp391_d0_new_exact.log
reid_clean/audits	7	622e2adda0bbabf16361276f797924ee155b96a4be1b8432b59f0f86acc9742a	exp407-p0b-preflight-v1.pid
reid_clean/audits	4302	b2f19d3f97e4d2d6c4d60241364876be0562605680058031779897d3e4499d16	exp391_d0_new_exact.json
reid_clean/audits	4100	0c00a78c0babb21993325a4b031a8470e546ef10ebf656a24efc97f890263d44	exp406-donor-reserve-static-v3-remote2.json
reid_clean/audits	1535	f32872a6bacd20dd200ecee769b8e03287eb91f20318f59cd13b3b591fce1d98	exp406-p0b-preflight-v1/failure.json
reid_clean/audits	1091	467fe6b824378ebcbcdd3c52b14c0769905a11a18e90d49f2ad7ada4e4608db0	exp406-p0b-preflight-v1/started.json
reid_clean/audits	41465	44033069cd094961f5c3082864d66b47d5130dc317808a7bf09152a15f5c3467	exp391_b0off_s4321.json
reid_clean/audits	23816	43aebead9cbda9e5858a80b33198e2aeca7503f340fb0020d52f2db4caef855d	exp404-spk-counterfactual-v1/preflight_runner_v2.log
reid_clean/audits	23785	cacfe437cd27496d14cc841d53cbd73544274e518946a7de19905c23c4836191	exp404-spk-counterfactual-v1/preflight_runner_v1.log
reid_clean/audits	1811	3adf0db7dcc62ebf5a9497a95179467ede941ca8979a2763574ed630aa596f64	exp404-spk-counterfactual-v1/formal_wrapper_once.log
reid_clean/audits	1811	3adf0db7dcc62ebf5a9497a95179467ede941ca8979a2763574ed630aa596f64	exp404-spk-counterfactual-v1/formal_manifest_once.json
reid_clean/audits	22120	856f8853b6cb51aea1e99bcbcca68e4d5fb83041395cb31adaf4b11c8af5adcd	exp404-spk-counterfactual-v1/preflight_result_v1.json
reid_clean/audits	27525	58fcbc2980745e052854ee4a959a2623c61933e914da78546ed29c8c4a8f6780	exp404-spk-counterfactual-v1/formal_runner_once.log
reid_clean/audits	22151	cf7cfc5afbf1a865a95f60dd785964ae9288ad9965ad6e3bc9cdb424e8057f8c	exp404-spk-counterfactual-v1/preflight_result_v2.json
reid_clean/audits	23735	62226742ad5895526929f4c854064386ffbd4525aebf22fee501b52873d784bb	exp404-spk-counterfactual-v1/formal_result_once.json
reid_clean/audits	4100	0c00a78c0babb21993325a4b031a8470e546ef10ebf656a24efc97f890263d44	exp406-donor-reserve-static-v3-remote1.json
reid_clean/audits	3186	7af4b3bcf49d3cf33f683a385dd94fdb145b971bed7d245c7d089867cffbf217	exp403_elo_cur_final_v1/checkpoint_contract.json
reid_clean/audits	1242	891588308683ce99a363613c0f94c724b367323579fc55ad7b922994a46d329a	exp403_elo_cur_final_v1/formal_manifest_once.json
reid_clean/audits	18677	af1872d65d8dabc9d51f317465a3d60d4f141a6c79db84c2751d43cc964b26eb	exp403_elo_cur_final_v1/formal_runner_once.log
reid_clean/audits	1242	891588308683ce99a363613c0f94c724b367323579fc55ad7b922994a46d329a	exp403_elo_cur_final_v1/final_execution.log
reid_clean/audits	17315	baf4a016d008f4a86ac26d9ff78524ecc30d46071392dad8a8d151aaf05063cb	exp403_elo_cur_final_v1/formal_result_once.json
reid_clean/audits	7	2ffc410654f52fe79a237f7f03bd64727530fc588f0fe565bd6612984e0be78b	exp403_elo_cur_final_v1/final_wrapper.pid
reid_clean/audits	4442	4f20bef4539129d0e2a9250262b7a09ee7feee03a80fbd2c5491e3450e0d1715	exp394_phase0r/phase0r_128_result.json
reid_clean/audits	4921	7142cdb1cfd194262ef7daf6c4e3e9823bf561080ec8227143e55408d464887d	exp394_phase0r/phase0r_128.runner.log
reid_clean/audits	249	d25126a76f575b51fff91102e914417fd3323b12f89e30ee310494f4f6dbc937	exp394_phase0r/phase0r_128_v1_runtime_failed_result.json
reid_clean/audits	890	cc91a4084ab48c4d179d05958d34e0f433f5cf3460282aba53edfa1011d32195	exp394_phase0r/phase0r_128_v1_runtime_failed.runner.log
reid_clean/audits	11194	e20fff30bad439cfb94c4935c6c3cdf341ce3425155bac4b898bea8aa616e73e	exp392_phase0b2/b2p_disjoint_smoke8_result.json
reid_clean/audits	9908	15127af4fb8fa285e4a175346881dd2ba2107da0199d2204cb754765fa292327	exp392_phase0b2/b2si_pcmbcls_contract1.runner.log
reid_clean/audits	4892	ac3328430fe3ef0496e1bca1c9a9a3831e9f58956ca326c56b12b32c0068bd25	exp392_phase0b2/b2sc_crop_support_smoke8.runner.log
reid_clean/audits	9905	6fd6c81ef8fcb3a6ef7a389eaef3ef70579dd8fc66a8cb3504d6b0c04cb3b21c	exp392_phase0b2/b2si_pcmbcls_smoke8.runner.log
reid_clean/audits	9965	22d154e82938acdf33cb4320759e17e7e0d0527fa2981684f8a1f981d07a76b0	exp392_phase0b2/b2si_pcmbcls_smoke128.runner.log
reid_clean/audits	15275	77f43d03763bd9900d0085c4ba9dc4b40ab3ed8579f32c93f0e502df60fc596c	exp392_phase0b2/b2si_pcmbcls_contract1_result.json
reid_clean/audits	2077	6c85be3a6cd98ef022cfde5fe640efa188c6c0a89677c964364452a950f246e8	exp392_phase0b2/b2o2_hard_smoke8.runner.log
reid_clean/audits	1085	db1bc3a43953aef4363424ffc28899aa560805f26394180514ba001b9ead2f82	exp392_phase0b2/phase0b2_openclip_contract.runner.log
reid_clean/audits	4919	f2ddbf10bfa243e2f2a5da0fcbba17397cfee7f485d634184ffe1711e2a8b08c	exp392_phase0b2/b2sc_crop_support_smoke128.runner.log
reid_clean/audits	10264	96c4fdfe4ab1b7c185dc98e63aac2bd0bc8af7734e1eaa93cb2b2e852d66aba2	exp392_phase0b2/b2o_smoke8v2_result.json
reid_clean/audits	10385	7ee442dc603bff1696dfd9e2146ac3e023477254bcba1e26ede180bb2bcd77ea	exp392_phase0b2/b2o2_hard_smoke8_result.json
reid_clean/audits	831	12ae662de38543460788f8cb39c80c7f9fe4597539945e92de85d9907d893025	exp392_phase0b2/b2o_smoke8.runner.log
reid_clean/audits	2138	6eae2d981312e6fff2029b46500100c4ae038b817acf76e483ba37c50709ee98	exp392_phase0b2/b2o2_hard_smoke128.runner.log
reid_clean/audits	2187	7de7c5c52b1b2fc9086e68c6004eb9ac4fb17e33e5d3c29d42d3af026ea9340a	exp392_phase0b2/b2o_smoke128.runner.log
reid_clean/audits	15312	825248b8573ebacf7f3c46c7ef7325c3fd1c66329c1a2e9f01bc61204b734cf6	exp392_phase0b2/b2si_pcmbcls_smoke8_result.json
reid_clean/audits	681	bb31b19b3324bd8ea0ae4e95cf5d5805f858c65738eb57860c05b7dda6682ea9	exp392_phase0b2/b2o_smoke8v2.runner.log
reid_clean/audits	11903	d77b9b8ffd9b69401ccdcf341d39f317b094ca17b21991eb173dfebccb473734	exp392_phase0b2/b2sc_crop_support_smoke128_result.json
reid_clean/audits	15348	63223862e87ba2d73919bca03fb019c90706b8d31ec1c7225decd71248bb9108	exp392_phase0b2/b2si_pcmbcls_smoke128_result.json
reid_clean/audits	2140	55b8fc6fa0055752843d4c3f6f263178e74f510719c40333db9b38ba08978f2b	exp392_phase0b2/b2p_disjoint_smoke8.runner.log
reid_clean/audits	11882	783fa561ed0a37d14e14b9918ba8af44da063bbe34739291dab7990cc9fc2619	exp392_phase0b2/b2sc_crop_support_smoke8_result.json
reid_clean/audits	113686	8ab726a15bfdc4ae36500e8208a6f56cf973579cbf16bf992ff829cf2911be09	exp392_phase0b2/b2s_full_pose_result_a25a9d9.json
reid_clean/audits	115441	1c9d2fc73790e32938481a2145f31b438418a5143f7193095c54c518e72729a4	exp392_phase0b2/b2s_full_pose_a25a9d9.runner.log
reid_clean/audits	2203	60fc74c9ba96f9279b09e7028fb77065ec48df69d3bbe75cc10c504cc28ed319	exp392_phase0b2/b2p_disjoint_smoke128.runner.log
reid_clean/audits	11461	8e18d141ffff182851e468b0b3aa16d9730dcd5bafd80d44d7c2e4367212d3fc	exp392_phase0b2/b2p_disjoint_smoke128_result.json
reid_clean/audits	10686	ce6d80f65f31749a227429ef6eda4efa9e0dcfcb6bfc4946d79b3262e3a4b8a9	exp392_phase0b2/b2o2_hard_smoke128_result.json
reid_clean/audits	10573	acd8e36821929623a96ed29f77c5d621f718513e54c6a17f86b1fb4fc1f6da2a	exp392_phase0b2/b2o_smoke128_result.json
reid_clean/audits	89158	af8e654565396f338a9a1b1f8ce5fe4d8178d551ec2767c500d230d477d7e6f8	exp392_phase0b/phase0b_full_result.json
reid_clean/audits	2359	8ae62191bab807547047098cfad10ff6cebf18d7dc51084bfacd2391e1d0a164	exp392_phase0b/smoke64.runner.log
reid_clean/audits	820	bcb588175a54ecb175d4c6a60efd71bfd0e8aa5a5bec032117abbed18cb28b02	exp392_phase0b/phase0b_full.runner.log
reid_clean/audits	384877	27f31fa69ec223c4506218ce468b01a540882da70380ad85cd8449333c9d5a74	exp392_phase0b/phase0b_full_donors.json
reid_clean/audits	384877	27f31fa69ec223c4506218ce468b01a540882da70380ad85cd8449333c9d5a74	exp392_phase0b/smoke64_donors.json
reid_clean/audits	149	7d006d1254ee0b17984f4b8b2ff1b254900689d66ad3e4efdf99ddd84ce359b7	exp392_phase0b/smoke64v2.runner.log
reid_clean/audits	384877	27f31fa69ec223c4506218ce468b01a540882da70380ad85cd8449333c9d5a74	exp392_phase0b/smoke64v2_donors.json
reid_clean/audits	85868	24c2551db53a77f451f49692d58a2a02e33b957ba0de6913c995ed3c7c60d77d	exp392_phase0b/smoke64v2_result.json
reid_clean/audits	5686	ed4f1f3b1c8f30960779311130086e5454f8df88bb834c0dbea90103018207d8	exp402_phase_b_semantic_interface/static_result_run9.json
reid_clean/audits	5586	98d2c50ce8abd69ff0123c597d8079779b1d0107d47342d65489ec2a087e897a	exp402_phase_b_semantic_interface/static_result_run4.json
reid_clean/audits	5583	41f2e84b5cc2ea2f165417ecb4822442472b4b6f993afb03dad651a7657b16dd	exp402_phase_b_semantic_interface/static_runner_run1.json
reid_clean/audits	5586	98d2c50ce8abd69ff0123c597d8079779b1d0107d47342d65489ec2a087e897a	exp402_phase_b_semantic_interface/static_runner_run3.json
reid_clean/audits	5586	98d2c50ce8abd69ff0123c597d8079779b1d0107d47342d65489ec2a087e897a	exp402_phase_b_semantic_interface/static_runner_run4.json
reid_clean/audits	5694	2c7f19b81b618245e0a1e2d148836e7a3099d076ffc2c7b293e90f3313d15b78	exp402_phase_b_semantic_interface/static_result_run5.json
reid_clean/audits	5699	1f556f036dca8064fad1ffabeffd565417c24e72119a565b04e21c0bca8176f6	exp402_phase_b_semantic_interface/static_runner_run7.json
reid_clean/audits	5583	41f2e84b5cc2ea2f165417ecb4822442472b4b6f993afb03dad651a7657b16dd	exp402_phase_b_semantic_interface/static_result_run1.json
reid_clean/audits	5699	1f556f036dca8064fad1ffabeffd565417c24e72119a565b04e21c0bca8176f6	exp402_phase_b_semantic_interface/static_result_run8.json
reid_clean/audits	4773	675fcfe7980f649d09916582eb62f0acde0cb1338816d7c890a8d467a57e52bb	exp402_phase_b_semantic_interface/cuda_preflight_runner_run1.log
reid_clean/audits	5686	ed4f1f3b1c8f30960779311130086e5454f8df88bb834c0dbea90103018207d8	exp402_phase_b_semantic_interface/static_runner_run9.json
reid_clean/audits	20542	3500ad54d6318c9830e4d706edf563ac2ce544508e0cd1a440dad8a375d955ed	exp402_phase_b_semantic_interface/cuda_preflight_runner_run2.log
reid_clean/audits	1501	bcb8fe1a62cc90b5469ac3a09dac7b91acf8307d53b3b5c8a9ffa319289e03d7	exp402_phase_b_semantic_interface/formal_manifest_once.json
reid_clean/audits	2253	f63514b5dde9dc5ec84028b8c8c881c5330a987a8558b78229ceaad0d877c55d	exp402_phase_b_semantic_interface/cuda_preflight_result_run1.json
reid_clean/audits	5699	1f556f036dca8064fad1ffabeffd565417c24e72119a565b04e21c0bca8176f6	exp402_phase_b_semantic_interface/static_result_run7.json
reid_clean/audits	5699	1f556f036dca8064fad1ffabeffd565417c24e72119a565b04e21c0bca8176f6	exp402_phase_b_semantic_interface/static_runner_run8.json
reid_clean/audits	23824	68df35d43a322815c759756c6f158353304abcfbcb1b36fbda209e0b774a37af	exp402_phase_b_semantic_interface/formal_runner_once.log
reid_clean/audits	5694	2c7f19b81b618245e0a1e2d148836e7a3099d076ffc2c7b293e90f3313d15b78	exp402_phase_b_semantic_interface/static_runner_run6.json
reid_clean/audits	5694	2c7f19b81b618245e0a1e2d148836e7a3099d076ffc2c7b293e90f3313d15b78	exp402_phase_b_semantic_interface/static_result_run6.json
reid_clean/audits	1501	bcb8fe1a62cc90b5469ac3a09dac7b91acf8307d53b3b5c8a9ffa319289e03d7	exp402_phase_b_semantic_interface/formal_launcher_once.log
reid_clean/audits	5686	ed4f1f3b1c8f30960779311130086e5454f8df88bb834c0dbea90103018207d8	exp402_phase_b_semantic_interface/static_result_run10.json
reid_clean/audits	22206	e52af8971f11a950e082bd0e5233e9a9679321fce8865f7e5999c52082642c4e	exp402_phase_b_semantic_interface/formal_result_once.json
reid_clean/audits	5686	ed4f1f3b1c8f30960779311130086e5454f8df88bb834c0dbea90103018207d8	exp402_phase_b_semantic_interface/static_runner_run10.json
reid_clean/audits	20123	7bd25af541d55d1bc5619fe5932c27215893b26fec9c11d03c8c16b25b54a52b	exp402_phase_b_semantic_interface/cuda_preflight_result_run2.json
reid_clean/audits	5694	2c7f19b81b618245e0a1e2d148836e7a3099d076ffc2c7b293e90f3313d15b78	exp402_phase_b_semantic_interface/static_runner_run5.json
reid_clean/audits	5586	98d2c50ce8abd69ff0123c597d8079779b1d0107d47342d65489ec2a087e897a	exp402_phase_b_semantic_interface/static_result_run3.json
reid_clean/audits	0	e3b0c44298fc1c149afbf4c8996fb92427ae41e4649b934ca495991b7852b855	exp402_phase_b_semantic_interface/static_runner_run2.json
reid_clean/audits	3214	4422645417c34f66252cd4469e4e7a408bfead4b7dab68c1fc5c7b6229ad6eb6	exp393_final/final_rz_c0_bypass_result.json
reid_clean/audits	4566	4197f913654cef1272cf136a95a97155cea9eb8f8e7e7f2d14660875b7bbcced	exp393_final/final_rz_c0_bypass.runner.log
reid_clean/audits	7	38fe5e34c73e25ce244d3f96028a2fa6422777f5d850efaecc0340b95e28bf3e	exp407-p0b-iso-teacher-v1.pid
reid_clean/audits	6054	741fcdd0bcd1ab404e8922bfa8c69583b517ad4a6f7e943d9115fb5af7d65614	exp392_phase0c/semantic_c0_final_audit.json
reid_clean/audits	6440	6c9eba824ca7d779d45c93e3761253fa17b049d82ab164766c539970323899c9	exp392_phase0c/phase0d_attribution_result.json
reid_clean/audits	6659	f1adc39db8896fb11f5454ab8d4c85c8aa26f64bd1218fc7b99776ba6504f5e2	exp392_phase0c/semantic_c0_final_audit_v2.runner.log
reid_clean/audits	14314	1e7f095e282b65fe6e3769c3cbfc4f1e95fa55594480e69a15f3c3142c613605	exp392_phase0c/semantic_c0_84f1b0e_preflight.json
reid_clean/audits	14297	dea9c8093be1559db8debbf2d59efcd2b72d4f046508ad65861473753b26cd7b	exp392_phase0c/semantic_c0_ed57834_preflight.json
reid_clean/audits	10607	521bf90ab495523bb95b562086929ff02e22dd2cb52ec48c70442cd9f22f2942	exp392_phase0c/phase0d_attribution.runner.log
reid_clean/audits	5937	1712d2ecc774cb5c76792fbc526d9cab29dcdcc7dfc46d547cd8564898471f53	exp392_phase0c/semantic_c0_final_audit_v2.json
reid_clean/audits	6776	e9e19b35cb159924b51f2a2a2ca8eaafa295e5de67619402a1412d3193456b76	exp392_phase0c/semantic_c0_final_audit.runner.log
reid_clean/audits	14308	f35381bf0e0968bfba93d751649c84a356f1d672ae1f501b34b0c8e1b747e1e2	exp392_phase0c/semantic_c0_c15a37e_preflight.json
reid_clean/audits	455734	fb87da370ea945d526f499bef78093a6b07203d87c6d84efe06b5eb6594f954a	exp395_amp_gradient_attribution/exp395_phase0e_full_codebook.json
reid_clean/audits	1400	cdffff60b1b6e04e6bb0b13bb54e12518380421675c59c2f2c785f1b7a5adb75	exp395_amp_gradient_attribution/exp395_cuda_amp_attribution.result.json
reid_clean/audits	9638	3a0ef5d98dd6387b330958bbfb1e9d893e60745e8857237bbbbe375778886c64	exp395_amp_gradient_attribution/exp395_cuda_amp_attribution.manifest.json
reid_clean/audits	4231	2546fbdbcbb420b2555ccc9277af3aef6ebdb6f29a53be628e6f42ab6baa6cc8	exp389_final_audit.json
reid_clean/audits	819	cdfb223d7a226e7b800a556a5827c91e8feaad39dd6e18684a49a6bdd35abc38	exp405-p0b-preflight-v1/failure.json
reid_clean/audits	276	abc784e2ced01724563ae620bb5640a0fc5746b794187d2963ba46f14c06051b	exp405-p0b-preflight-v1/started.json
reid_clean/audits	649	3897d76fd6b6aeb0d9ed2a27e527053874f6cdf32b56cc80d5bc2f12e584b152	exp394_cuda_amp_preflight/cuda_amp_preflight.result.json
reid_clean/audits	1917	a61677899013df3cb4822a33f262e328dc0afce7e6d16e3dae6cafc1f4e6b898	exp394_cuda_amp_preflight/cuda_amp_preflight.runtime_missing_openclip.fail.log
reid_clean/audits	781	7bf30f836c063c37035c51f44156daf407ed62cc3c9765fd6cb383ca488006af	exp394_cuda_amp_preflight/cuda_amp_preflight.runtime_missing_openclip.fail.json
reid_clean/audits	1660	c76e9285a41f65f0e9333dda2ef10a75bd1a17bf85538019ac3871d000b0c879	exp394_cuda_amp_preflight/cuda_amp_preflight.runner.log
reid_clean/audits	4521	2695b05753e6d01f29182396cfdc3385dacb25bda267c21cf40445c8db9b5534	exp391/ht0_legacy_new.log
reid_clean/audits	4321	4b2dc99db94d74a519ae83c040627e35daf1b4a832f76cfdedead77cae1eeb0a	exp391/ht0_legacy_new.json
reid_clean/audits	4321	4b2dc99db94d74a519ae83c040627e35daf1b4a832f76cfdedead77cae1eeb0a	exp391/ht0_legacy_old.json
reid_clean/audits	2410	41ae7c7129be57261f6515afc201317d14799daa1cbc588a8518d37475ddf5f9	exp391/h2m_overflow.log
reid_clean/audits	3424	c751832358892867532e8c3747f40f38bc030d7e4fcec83c4a10c02394dc5fb6	exp391/h2m_invariants.log
reid_clean/audits	2797	3bb9fda1d8fb5f73b7589b7d5c322c5ead8f49aa7f21d20d3b988fa6e9f2e682	exp391/h2m_invariants.json
reid_clean/audits	3652	79e4d3ac9e249f8f6d352e86c111eee88a388328028bb2bfb500c8bde80c9a7f	exp391/h2m_matched_efficiency.json
reid_clean/audits	1785	8f9fd956b771faf09cb3faac227e2009d4fe4507dc89b9b3a31ac6c17ac89f3a	exp391/h2m_overflow.json
reid_clean/audits	4231	a39a67fb50bb4e5c6c939ef56604370e38fa22fba132bf3d2201344d46f10433	exp391/h2m_final_audit.json
reid_clean/audits	4521	2695b05753e6d01f29182396cfdc3385dacb25bda267c21cf40445c8db9b5534	exp391/ht0_legacy_old.log
reid_clean/audits	50425	d64b69bc33a6710dcc3fe24812d236eda64ab11bf5d2af667786c23e670eb00c	exp391/h2m_real_batch64_cuda.json
reid_clean/audits	250	c04debfd47f6a3926d852a516f67d59ea74ce1a2852fdede135bab0212845783	exp391/h2m_real_batch64_cuda.log
reid_clean/audits	1231	5b993a65c73087b9344a1eb2ea260698df7456a9cddc8aebbbc56e74c5bd5dc1	exp391/h2m_frozen_level_ablation.json
reid_clean/audits	4969	5da0ac47a7cd9c132240b083614e74b3ea8500c490043ddf1fde876378c317a8	exp389_final_audit.log
reid_clean/audits	2662	3558e557111a09682f9f40401b98ca081ebdfa3c2eaeea5405aca4e8c3483550	exp391_b0off_s4321.log
reid_clean/audits	3380	c11990ac9efd0f219374a7a4a6065e7afe9c491c92622ab3fd98c3ed85954873	exp407-p0b-preflight-v1.console.log
reid_clean/audits	961	4d0daea8fe17e15ce3c31955ce89c014e8fddbfbb74e0bb86a9e7d91b12198e7	exp407-p0b-iso-teacher-v1/failure.json
reid_clean/audits	1154	488f162df4d7e94c70c010bbdc0493a2756e19f5752e607994cd67310f6a3659	exp407-p0b-iso-teacher-v1/started.json
reid_clean/audits	10744	e8f35143a8599bfec3f3e0354b872bc71090d48420a6408fa9d517d3f46c01a3	exp393_phase0e/phase0e_128.runner.log
reid_clean/audits	4540	120085ddffdea2d18adfd73a856426229bfb132218e79fef6e0dc318d49c23ac	exp393_phase0e/phase0e_static_result.json
reid_clean/audits	16579	f2f9d2b0d03eb46091978f5c52b849eaa6b2fd5411947d959153f6d81df8828e	exp393_phase0e/phase0e_full_result.json
reid_clean/audits	529	b1ae33b5c1450d62405bc75bf747aa6919e02924f6f8a249025740d97922f5b0	exp393_phase0e/phase0e_c8_preentry2.runner.log
reid_clean/audits	525	7139124e9bcbf483ee69e976b48a5a8e09b6bbf8ebea7a8d547f214c77cf1497	exp393_phase0e/phase0e_c8_preentry.runner.log
reid_clean/audits	6457	5aed0bc67c5998d79a7ed9ccbeb8481815921728e0af57c33182939d8478da67	exp393_phase0e/phase0e_full_partition.json
reid_clean/audits	16511	53b31edcbd5e3779782429468a41b38c57c05c763cdf4ebfa1a3ce3dce403cb7	exp393_phase0e/phase0e_full.runner.log
reid_clean/audits	2684	4233a7c856a7c9085522f015c8c0887eb601214cbb64fa4007462bb853710d83	exp393_phase0e/phase0e_c8.runner.log
reid_clean/audits	472	bcb288e69038cd7989f38ac80a08471da430aa24b644d8a3329d990fdf84663a	exp393_phase0e/phase0e_c8_preentry3.runner.log
reid_clean/audits	476864	4a671a70e0744edad88f911ce628d421650cb09453eb511a61e8d01c239269ef	exp393_phase0e/phase0e_128_codebook.json
reid_clean/audits	12420	47a27631756c42bfa696f9751b604532fa9033489d67ef107126fcaa254b19dc	exp393_phase0e/phase0e_128_result.json
reid_clean/audits	455734	fb87da370ea945d526f499bef78093a6b07203d87c6d84efe06b5eb6594f954a	exp393_phase0e/phase0e_full_codebook.json
reid_clean/audits	4695	9a2cdd2ec69707ce325fd3bd22d47b82fe2bc869116263e5595faa16579222df	exp393_phase0e/phase0e_c8_result.json
reid_clean/audits	9638	3a0ef5d98dd6387b330958bbfb1e9d893e60745e8857237bbbbe375778886c64	exp396_chunk_safe_amp_attribution/exp396_cuda_amp_attribution.manifest.json
reid_clean/audits	469930	58ae4beb56c9dabbff7fd77202d87b53f3ccecc9edec725051f04ed3c60ed96c	exp396_chunk_safe_amp_attribution/exp396_cuda_amp_attribution.result.json
reid_clean/audits	455734	fb87da370ea945d526f499bef78093a6b07203d87c6d84efe06b5eb6594f954a	exp396_chunk_safe_amp_attribution/exp396_phase0e_full_codebook.json
reid_clean/formal_evidence	3983	30e61f3dabd6dfed534e7d234b27ddeb77c6278b08f8dbed66acc7cf23f49ba3	exp401_rich_budget_c0/final_route_audit.result.json
reid_clean/formal_evidence	455734	fb87da370ea945d526f499bef78093a6b07203d87c6d84efe06b5eb6594f954a	exp401_rich_budget_c0/exp401_phase0e_full_codebook.json
reid_clean/formal_evidence	2812	c5b1b1fbe0506fc7622e775418805b523a713f107765ecfca09c4d8bba3829f3	exp401_rich_budget_c0/final_route_audit.manifest.json
reid_clean/formal_evidence	455734	fb87da370ea945d526f499bef78093a6b07203d87c6d84efe06b5eb6594f954a	exp403_elo_cur/exp403_phase0e_full_codebook.json
reid_clean/formal_evidence	3688	3a26941a6f6b9b52b6f777c23e019528efe0cbdbd2adbf36c2ced2f926f9a8c5	exp403_elo_cur/cuda_amp_preflight.result.json
reid_clean/formal_evidence	7	b924c257f9e9e16cfbdd3477408e9fc01eb01ecfa178a52f1db5597d5dcf5469	exp403_elo_cur/formal_main.pid
reid_clean/formal_evidence	2928	dc2dfe9e1fd00b6a8b374eb4f6894f1dc6c7680df6d00540cbea37e9b5ae431d	exp403_elo_cur/exp403_train_generic_evidence_v3.json
reid_clean/formal_evidence	357	78b49f6971c42d73e8bdf4ee5dc0394a9d05090f1213e571b9cad10eea3758e4	exp404_spk/formal_train_v1.launch.json
reid_clean/formal_evidence	5037	70566973f0387d0b335040ff20fe2c1f091563cc18f4a65370b25aac303d58bf	exp404_spk/cuda_amp_preflight_v3_result.json
reid_clean/formal_evidence	1437	10709e126d5187b3331b0b96a3738173e4778936952b5e506e66b8ee4275c245	exp404_spk/cuda_preflight_v3_static_remote_result.json
reid_clean/formal_evidence	964	9958ec661fcaaea20499be04e0450085d76ec3ec5094e8df03179ccff426b498	exp404_spk/cuda_amp_preflight_v1_sealed_invalid.json
reid_clean/formal_evidence	837257	098f8e756c03502503860de4d956741f63738d3038fdf4a82f3021d8b8b98111	exp404_spk/formal_train_v1.runner.log
reid_clean/formal_evidence	1584	65d8caf2b8e64c7fa6608eaf5842407b67f06ba3872bbccdbcfcfb135631df46	exp404_spk/cuda_preflight_static_remote_result.json
reid_clean/formal_evidence	2986	d49e9421052675193eacb91828918033cbeefcd60a6702d2b31aad82c3a20c29	exp404_spk/cuda_amp_preflight_v2_result.json
reid_clean/formal_evidence	1099	e2ded956ff1f741b2a4f51bf38bca31234a716f67a21b464f7729d2570ff26c4	exp404_spk/formal_prelaunch_static_remote_result.json
reid_clean/formal_evidence	1389	d32a0df0ccbec3c303937c7d4057a542ac0d3adc2b50258d0bc18a600f92a17c	exp404_spk/cuda_preflight_v2_static_remote_result.json
reid_clean/formal_evidence	1099	3d38c99c7f06502d8b40467d2674c966723e5c913d2edf962c5a7088ec60cddb	exp404_spk/runtime_freeze.txt
reid_clean/formal_evidence	455734	fb87da370ea945d526f499bef78093a6b07203d87c6d84efe06b5eb6594f954a	exp404_spk/exp404_phase0e_full_codebook.json
reid_clean/runner_logs	3213	67035cccf8e3da487d77065ddbe91946cf39c64d3da570ca95da11b4f47e2bb9	exp412-psgc-real-pk64-v1.runner.log
reid_clean/runner_logs	57	a591801fab69755fd1daebdf579241729a42ca6651e7500a92842cbc372bb06a	exp415-pacit-oracle-v3.runner.log
reid_clean/runner_logs	2349	44025ba2bdeda058c60e0e3508afd5f25bbe6e7f5be1d2be22ceeae204f86b7f	exp409-pchm-real-batch-v2.log
reid_clean/runner_logs	421	ae1afdccacc59c1feeabbbdeaccbfe2ca2c2b14c83f7a18fd5e3e4555f224ffc	exp412-psgc-text-v1.runner.log
reid_clean/runner_logs	260403	c50b35d8f1931aecb1df32f6b347307efa34dde8fbb2918dc6a98517f4052a10	exp411-pcmpsr-wrong-rgb-s1234-v1.runner.log
reid_clean/runner_logs	87460	ed8e9a49e34e9b56b39b3a33294d5f7fe7c43fb900d4305d51b6d1a366038369	exp414-pscir-text-shuffle-s1234-v1.runner.log
reid_clean/runner_logs	681	d5900ff8ba7ec359a0d43745c9265650f6e3bc1329c67138dae85240cc63d674	exp415-pacit-smoke-v3.runner.log
reid_clean/runner_logs	2826	19aac4efa5e95a2c456ec55c9c2f4c793ec2df39872cd3995fc030be70850392	exp411-pcmpsr-wrong-rgb-real-pk64-v1.runner.log
reid_clean/runner_logs	293961	d156614f836131051bca99d167d68998953b698173df32a9b6f7ec7bbd839a60	exp413-psccr-s1234-v3.runner.log
reid_clean/runner_logs	1201	9e66c63c5450ff2600c0a5ad82aa5c7651e3d182bb0f7ed33ca0f073dc5f4bf5	exp415-pacit-geometry-census-v3.runner.log
reid_clean/runner_logs	341640	edcd1bf7ddbe4155a0e5a977b90a92afc7de55b67ca0d9b2d7a8878a62c174b1	exp408-picrd-s1234-v1.runner.log
reid_clean/runner_logs	293858	72d11b142d64e89d28cc1f15182bd9eaedbaecdf5e78da0a9d6e86f0125ec82b	exp413-psccr-pose-only-s1234-v1.runner.log
reid_clean/runner_logs	1583	272f8507279aeb47f4a9e086c7f8ce6e0af4635a002344384ad64b0e4b228c6c	exp411-pcmpsr-cache-v1.runner.log
reid_clean/runner_logs	865	4fccb14bcabf829401339832b0f518341f16d7dd9fd309cf5cfb1b69c1438496	exp414-pscir-contract-v1.runner.log
reid_clean/runner_logs	289964	4a18ca28b8c565fafa2c3874f2098c53cd935c22fb07a9c5580000454524abfb	exp414-pscir-s1234-v1.runner.log
reid_clean/runner_logs	293665	bec1a8f880aee30110ef236e34432ab5459b8ece229fb886e562ca2daf2146f3	exp412-psgc-s1234-v1.runner.log
reid_clean/runner_logs	198282	ae57c702b1e0b0c67859c7916fd1963e1536594dd05643063e76bac90ae6b606	exp413-psccr-q-only-s1234-v1.runner.log
reid_clean/runner_logs	9776	2588e84f6ee2a517da23e3ecd4bbd340875b4ec61518838e8f196ad95e9a822f	exp415-pacit-oracle-v3.launch2.runner.log
reid_clean/runner_logs	2907	c60afabde025ed00c9e66ad0ef0d0a5dbb4331ed309dd402c5455d8b3c2cc3ef	exp411-pcmpsr-real-batch-v2.runner.log
reid_clean/runner_logs	140833	acb170024d55860e3d5454c7f1de77fd0eda19e1b09406fe15ac9e9f76c286cb	exp413-psccr-s1234-v1.runner.log
reid_clean/runner_logs	7	5b95c98dc83d8dae92db295e19fff4e26896f56572fcb6c616d57168b33c3648	exp409-pchm-s1234-v1.pid
reid_clean/runner_logs	736	0469410c044cbc15b9dacb1620670577ea3ac0943cd121b36803585b57443550	exp411-pcmpsr-real-batch-v1.runner.log
reid_clean/runner_logs	3656	88fd7c858c7f4fc2a5d0ef4bc5afc5b2e54f969b8904c724ac74bbb5d0a4ba17	exp414-pscir-contract-v1-attempt3.runner.log
reid_clean/runner_logs	10659	04a9e08c113aa6b099f7a0bd46fef4eca686c93a24175aefcbd2df9a341726c1	exp413-psccr-s1234-v2.runner.log
reid_clean/runner_logs	257452	257264af74e65608e9b4a214b35f0b8d33dc89f15ff587c41c2aac5ee907af84	exp409-pchm-s1234-v1.runner.log
reid_clean/runner_logs	2594	51ee59d9f9bf701daad94b1af9b93e4bcaa653464fea509ab4d3506cdb481d1c	exp410-pc2p-real-batch-v1.runner.log
reid_clean/runner_logs	253875	84bdbb90d0f8ab7ff5ba6b93e7eb11b2a2d5b1e3cc1604a239d60afb0772b7ec	exp410-pc2p-s1234-v1.runner.log
reid_clean/runner_logs	163	54bd38c4d96e879a1cefbd23a78574da7340c5d07ad9da0b7edd79d814aa7da5	exp414-pscir-contract-v1-attempt2.runner.log
reid_clean/runner_logs	3187	24a64a1a9db5dec24ee8c7a3765a51d05945a253df2cd64a85133953c9180623	exp413-psccr-pk64-v1.runner.log
reid_clean/runner_logs	1689	0718a03a854477aa00f180fba7317fb2a62081f8930767be3b35bad81451fb8e	exp410-pc2p-bank-v1.runner.log
reid_clean/runner_logs	752	67325859ce50327ddf4696e05a4f1baa6ec4c98aafee51b4232be1498e33d39c	exp409-pchm-cache-v1.runner.log
reid_clean/runner_logs	260514	4fc64fef266b0af9293be1865ca4cd777f8460c24b2349b24429a38a88743d22	exp411-pcmpsr-zero-owner-s1234-v1.runner.log
reid_clean/runner_logs	256418	76be6ba38c877dda7617db8bfb637283e7396a1b6b61cd45139dc26326536d5d	exp411-pcmpsr-s1234-v1.runner.log
reid_clean/runner_logs	289919	d50a075c4d4e7f0b9b82c1bd90d19380a47070a073d1378fa1a824428c77fd2b	exp414-pscir-q-only-s1234-v1.runner.log
reid_clean/runner_logs	2971	28731e86899bac6f7a9444bef7f4a896822b942c51d73d9672ca833bd6d3b3ba	exp411-pcmpsr-zero-owner-real-batch-v1.runner.log
reid_clean/runner_logs	290230	38693d1d83639ea6b0b0c973121d8ccf15a74b74fca8293d70c15922e826c31d	exp414-pscir-pose-only-s1234-v1.runner.log
reid_clean/training_outputs	291737	369cfcfe867ddc5873cc2626fb415cdb34fa77b273bc00abbcc329f20f54a508	exp413-psccr-pose-only-s1234-v1/train_log.txt
reid_clean/training_outputs	258367	b212090c7ba02c9315656b0a1d43fea0aa9179e4b3e775b5d4c23bc53013b76a	exp411-pcmpsr-zero-owner-s1234-v1/train_log.txt
reid_clean/training_outputs	139244	a39e3355bd678d6662d6f820087998d8014f8fb469dc12342588aede8e4b8376	exp413-psccr-s1234-v1/train_log.txt
reid_clean/training_outputs	258258	eb35b59dce8142eaa3f57654da2ad03b0abe71884005f86490acbb9e2113c4f4	exp411-pcmpsr-wrong-rgb-s1234-v1/train_log.txt
reid_clean/training_outputs	251738	3b01acd672f2a642a2a65210b6558dca37281abf17aedba627dddd9c0c56c082	exp410-pc2p-s1234-v1/train_log.txt
reid_clean/training_outputs	9905	ee53e0adff01a8ee332c4bb9c7e986b13b49b017f8ab84eec5fbdb8ce4fe83f9	exp413-psccr-s1234-v2/train_log.txt
reid_clean/training_outputs	254293	55ecc3686195671f155c5df5baf9bfadaf1cdbe82f3af1fc984af509acf426f6	exp411-pcmpsr-s1234-v1/train_log.txt
reid_clean/training_outputs	287783	bf2857125f04c7c1eeca9e00709e00088fc1f94d70d5cb7aa97fe44284a7d346	exp414-pscir-q-only-s1234-v1/train_log.txt
reid_clean/training_outputs	196465	54b55ba423db444958a0550f22667c60f9261401529b8832496325e0e06bc3b3	exp413-psccr-q-only-s1234-v1/train_log.txt
reid_clean/training_outputs	288094	af3d8c082abd13d578e332cb0a5fba3b1e3ed6d2b0513250e201c58ffdc5f0ab	exp414-pscir-pose-only-s1234-v1/train_log.txt
reid_clean/training_outputs	287828	328febda29a1061b30829b6d3b89478707773a5c3ddedef348bdd8152d1d1e1c	exp414-pscir-s1234-v1/train_log.txt
reid_clean/training_outputs	291840	6cec0de7bba41277f400ed86fa8f30268be5a549ba250c164b38b5a92f4f0b30	exp413-psccr-s1234-v3/train_log.txt
reid_clean/training_outputs	85995	a6de5f3fb8ae692d2f8c121fa94b5c86f69c4dd9a2f4a9e97b80828e08d0dbe1	exp414-pscir-text-shuffle-s1234-v1/train_log.txt
reid_clean/training_outputs	291544	f23b9f55abe8d4ac092991b13298b5f9c6c5324678814c450189c80556865eb8	exp412-psgc-s1234-v1/train_log.txt
reid_clean/training_outputs	339515	6d2c02ff9df199fa86cc683198d5ba8c2af55af0abcf55c4b827fdc508f5223c	exp408-picrd-s1234-v1/train_log.txt
reid_clean/training_outputs	255329	0f964240991240ac23715c4d8c541117bb8bf56685ac82ab3838f4e7f1faf244	exp409-pchm-s1234-v1/train_log.txt
reid_clean/preflight_exp388	2903	3b60e789b9dc173833cca59ce7e73f76e9965a232779e9c1479399a029d475d5	off_baseline.runner.log
reid_clean/preflight_exp388	2896	2dffc0668c27936e2cc22e78bf4577904f12d41e51d4065fe3768b49d1fa257f	off_new.runner.log
reid_clean/preflight_exp388	220	21aadecaee9e8cfc5a48d6108bc9a57a038dff7be07505d36abb8d3ded00dedd	data_rgb_parity.runner.log
reid_clean/preflight_exp388	32445	c6d2414c884e88613d86924a81ac244b6406c00da04357280e6628aa470aa606	cuda24.json
reid_clean/preflight_exp388	1438	2fda22a0297cd21097403457c00d97c6d3c147e7594f306e59c9ac85f3cd4c0d	semantics.runner.log
reid_clean/preflight_exp388	41463	dbc7c5964cd118d1a3469346ec8af01fa54ee39956b0b6f45bab5b718f420c4a	off_baseline.json
reid_clean/preflight_exp388	3478	54113a19da0a8e5157b76a8ad2df336819bd5adf8c534ba64d51100bf04464d6	efficiency.json
reid_clean/preflight_exp388	41463	dbc7c5964cd118d1a3469346ec8af01fa54ee39956b0b6f45bab5b718f420c4a	off_new.json
reid_clean/preflight_exp388	3466	4d021675505dd923dd41d1bdb7cc633b6f299fa360e4334cb60928a90f0797c7	semantics.json
reid_clean/preflight_exp388	5494	e98118be87907502c086adf19390d0d20f7fb2e23e79847ac648e7e68464589d	efficiency.runner.log
reid_clean/preflight_exp388	627	81537d8dd9a86d74035ea6b8553d1f4d2970e803c156cce0f6df8ff759f6cb5c	model_invariants.runner.log
reid_clean/preflight_exp388	1252	bae25a25f83ec3c493d60061ddfbeba2fb1c10cf2863c4dd0e5394d51350a7cd	cuda24.runner.log
reid_clean/quarantine	64697	03145bbbc8997be57a9f24f97993bb16ce7a2c3dabea5ba84d17e51cf55dbd18	exp390_b0_s4321_invalid_no_teacher_de604a6/runner.log
reid_clean/quarantine	63235	82460328e213c0ec250d2bba862196f9e735b27e09dd2cb9ab50374df6f5ffea	exp390_b0_s4321_invalid_no_teacher_de604a6/output/train_log.txt
